order_date,category,region,channel,units,unit_price,revenue,cost,profit
2024-01-02,Beauty,West,Online,10,17.98,179.8,133.61,46.19
2024-01-02,Electronics,West,Online,11,159.07,1749.77,1005.99,743.78
2024-01-02,Clothing,South,Online,7,67.4,471.8,276.88,194.92
2024-01-03,Clothing,North,Online,4,302.72,1210.88,761.2,449.68
2024-01-04,Beauty,North,Store,19,102.87,1954.53,1374.58,579.95
2024-01-05,Toys,West,Online,17,159.26,2707.42,1806.22,901.2
2024-01-06,Clothing,North,Wholesale,20,297.83,5956.6,3125.48,2831.12
2024-01-06,Books,North,Online,15,191.0,2865.0,1410.26,1454.74
2024-01-06,Electronics,West,Online,7,238.02,1666.14,836.37,829.77
2024-01-07,Beauty,West,Online,3,326.65,979.95,591.12,388.83
2024-01-07,Beauty,South,Online,17,133.94,2276.98,1384.8,892.18
2024-01-07,Electronics,South,Store,6,39.7,238.2,119.45,118.75
2024-01-08,Toys,East,Online,22,50.46,1110.12,529.49,580.63
2024-01-08,Books,North,Online,14,31.66,443.24,252.56,190.68
2024-01-10,Clothing,East,Store,24,227.23,5453.52,3671.25,1782.27
2024-01-10,Books,West,Online,16,64.05,1024.8,570.01,454.79
2024-01-10,Toys,West,Online,17,31.89,542.13,309.05,233.08
2024-01-11,Beauty,North,Online,13,331.86,4314.18,3107.1,1207.08
2024-01-12,Clothing,West,Online,3,46.89,140.67,104.45,36.22
2024-01-12,Home,East,Online,8,224.79,1798.32,1292.39,505.93
2024-01-12,Books,North,Online,16,24.51,392.16,286.96,105.2
2024-01-14,Books,West,Store,17,131.39,2233.63,1079.56,1154.07
2024-01-15,Books,West,Online,17,156.77,2665.09,1886.66,778.43
2024-01-15,Home,South,Store,24,325.78,7818.72,4872.62,2946.1
2024-01-16,Beauty,East,Wholesale,15,308.64,4629.6,3010.24,1619.36
2024-01-16,Home,East,Store,6,286.55,1719.3,790.6,928.7
2024-01-16,Clothing,South,Online,6,140.33,841.98,484.01,357.97
2024-01-16,Books,East,Online,4,250.34,1001.36,490.2,511.16
2024-01-17,Beauty,South,Online,6,210.33,1261.98,755.07,506.91
2024-01-18,Beauty,South,Store,8,117.1,936.8,488.86,447.94
2024-01-18,Home,North,Wholesale,16,341.57,5465.12,3784.55,1680.57
2024-01-18,Toys,West,Store,17,64.44,1095.48,496.65,598.83
2024-01-18,Electronics,West,Store,23,103.89,2389.47,1467.75,921.72
2024-01-19,Beauty,West,Online,14,132.89,1860.46,864.72,995.74
2024-01-19,Books,West,Store,13,102.23,1328.99,647.92,681.07
2024-01-20,Books,East,Wholesale,2,300.39,600.78,322.87,277.91
2024-01-20,Clothing,East,Store,15,110.18,1652.7,1042.67,610.03
2024-01-21,Electronics,West,Store,14,48.34,676.76,418.02,258.74
2024-01-21,Home,North,Store,10,61.88,618.8,286.4,332.4
2024-01-22,Beauty,North,Online,7,63.93,447.51,316.33,131.18
2024-01-22,Books,North,Wholesale,6,41.93,251.58,166.88,84.7
2024-01-22,Books,South,Online,12,191.26,2295.12,1217.53,1077.59
2024-01-22,Beauty,South,Online,23,32.58,749.34,390.63,358.71
2024-01-23,Beauty,North,Store,11,169.74,1867.14,1361.07,506.07
2024-01-23,Home,North,Online,15,273.89,4108.35,2772.39,1335.96
2024-01-24,Beauty,West,Store,13,195.41,2540.33,1468.65,1071.68
2024-01-24,Books,West,Online,5,303.85,1519.25,976.74,542.51
2024-01-24,Beauty,North,Store,4,89.98,359.92,176.5,183.42
2024-01-24,Books,East,Online,11,19.41,213.51,128.57,84.94
2024-01-25,Home,West,Online,15,335.27,5029.05,3668.71,1360.34
2024-01-25,Beauty,North,Store,12,38.6,463.2,275.94,187.26
2024-01-25,Books,West,Online,22,104.14,2291.08,1366.17,924.91
2024-01-25,Home,West,Online,12,240.13,2881.56,2070.81,810.75
2024-01-26,Clothing,West,Online,16,85.71,1371.36,902.27,469.09
2024-01-27,Home,South,Online,2,106.58,213.16,108.24,104.92
2024-01-27,Toys,North,Online,9,143.09,1287.81,681.87,605.94
2024-01-28,Toys,North,Store,8,321.07,2568.56,1789.4,779.16
2024-01-28,Electronics,North,Store,15,44.7,670.5,346.75,323.75
2024-01-28,Home,West,Wholesale,17,228.95,3892.15,2794.22,1097.93
2024-01-29,Beauty,East,Store,2,67.88,135.76,96.2,39.56
2024-01-29,Electronics,South,Online,9,248.66,2237.94,1558.06,679.88
2024-01-30,Toys,West,Online,19,65.48,1244.12,625.2,618.92
2024-01-31,Beauty,West,Online,17,271.58,4616.86,2880.07,1736.79
2024-01-31,Clothing,West,Online,18,103.6,1864.8,1288.71,576.09
2024-01-31,Books,West,Store,15,319.97,4799.55,3013.25,1786.3
2024-02-01,Home,East,Online,6,294.19,1765.14,1048.13,717.01
2024-02-01,Electronics,East,Online,20,172.41,3448.2,1613.37,1834.83
2024-02-03,Clothing,South,Online,13,340.19,4422.47,2549.98,1872.49
2024-02-04,Home,South,Store,13,319.85,4158.05,2673.09,1484.96
2024-02-04,Beauty,West,Store,12,265.09,3181.08,1875.14,1305.94
2024-02-06,Toys,South,Store,4,226.75,907.0,441.02,465.98
2024-02-06,Books,West,Wholesale,18,281.84,5073.12,2340.46,2732.66
2024-02-06,Clothing,North,Online,21,45.97,965.37,489.22,476.15
2024-02-06,Home,South,Online,9,140.23,1262.07,753.37,508.7
2024-02-07,Toys,East,Store,14,53.96,755.44,406.23,349.21
2024-02-08,Beauty,North,Online,9,257.23,2315.07,1720.34,594.73
2024-02-09,Home,East,Wholesale,10,234.61,2346.1,1486.15,859.95
2024-02-09,Electronics,West,Online,19,323.48,6146.12,4032.21,2113.91
2024-02-10,Beauty,East,Online,23,322.41,7415.43,4694.89,2720.54
2024-02-11,Electronics,South,Store,17,298.64,5076.88,2408.56,2668.32
2024-02-11,Books,West,Wholesale,20,346.44,6928.8,4417.49,2511.31
2024-02-12,Beauty,East,Store,4,330.83,1323.32,725.39,597.93
2024-02-12,Books,South,Online,2,126.67,253.34,126.22,127.12
2024-02-12,Toys,North,Online,4,263.0,1052.0,627.08,424.92
2024-02-12,Home,South,Store,1,66.35,66.35,49.3,17.05
2024-02-13,Beauty,West,Store,8,67.81,542.48,358.15,184.33
2024-02-14,Beauty,South,Online,8,143.8,1150.4,685.35,465.05
2024-02-14,Clothing,East,Wholesale,19,258.97,4920.43,3574.03,1346.4
2024-02-15,Home,South,Online,4,92.14,368.56,270.59,97.97
2024-02-15,Toys,East,Wholesale,9,203.73,1833.57,1200.35,633.22
2024-02-15,Electronics,East,Online,4,60.84,243.36,163.15,80.21
2024-02-16,Beauty,South,Store,15,206.47,3097.05,1599.88,1497.17
2024-02-17,Electronics,North,Store,4,110.43,441.72,237.48,204.24
2024-02-17,Clothing,North,Online,15,212.67,3190.05,1626.67,1563.38
2024-02-17,Home,North,Online,6,259.26,1555.56,724.08,831.48
2024-02-18,Toys,East,Online,11,156.06,1716.66,867.49,849.17
2024-02-20,Toys,West,Store,22,80.85,1778.7,1200.58,578.12
2024-02-20,Electronics,East,Store,16,278.27,4452.32,2641.17,1811.15
2024-02-21,Home,North,Online,7,147.27,1030.89,570.81,460.08
2024-02-22,Toys,South,Online,4,44.1,176.4,118.2,58.2
2024-02-22,Books,East,Online,15,318.11,4771.65,3000.34,1771.31
2024-02-23,Home,South,Store,16,164.68,2634.88,1895.09,739.79
2024-02-23,Home,South,Store,6,46.26,277.56,152.3,125.26
2024-02-23,Books,South,Online,12,349.49,4193.88,2031.27,2162.61
2024-02-24,Electronics,East,Online,15,86.22,1293.3,960.62,332.68
2024-02-24,Home,West,Store,9,140.84,1267.56,740.98,526.58
2024-02-24,Clothing,West,Store,9,325.92,2933.28,1525.01,1408.27
2024-02-25,Beauty,North,Online,18,269.3,4847.4,2747.45,2099.95
2024-02-25,Books,North,Online,10,188.01,1880.1,846.3,1033.8
2024-02-25,Clothing,East,Online,20,129.93,2598.6,1276.31,1322.29
2024-02-25,Beauty,North,Online,9,282.62,2543.58,1284.83,1258.75
2024-02-25,Clothing,North,Online,21,332.92,6991.32,4058.58,2932.74
2024-02-25,Toys,West,Online,21,206.79,4342.59,2573.99,1768.6
2024-02-25,Home,West,Online,23,347.26,7986.98,5873.76,2113.22
2024-02-26,Home,East,Online,21,225.42,4733.82,3183.3,1550.52
2024-02-26,Clothing,West,Wholesale,1,168.95,168.95,87.9,81.05
2024-02-26,Books,West,Online,12,115.56,1386.72,1035.86,350.86
2024-02-27,Beauty,South,Online,12,214.24,2570.88,1535.74,1035.14
2024-02-27,Toys,East,Store,15,312.52,4687.8,2826.39,1861.41
2024-02-27,Books,East,Online,9,283.56,2552.04,1797.79,754.25
2024-02-27,Home,West,Online,1,75.76,75.76,37.47,38.29
2024-02-28,Beauty,South,Online,19,16.45,312.55,148.94,163.61
2024-02-28,Clothing,North,Store,19,272.52,5177.88,3749.13,1428.75
2024-02-29,Books,South,Wholesale,21,272.03,5712.63,3989.64,1722.99
2024-02-29,Electronics,East,Online,14,236.01,3304.14,2064.45,1239.69
2024-03-01,Clothing,East,Online,3,317.35,952.05,475.57,476.48
2024-03-01,Beauty,North,Online,21,55.69,1169.49,596.92,572.57
2024-03-01,Beauty,South,Online,23,236.94,5449.62,2573.63,2875.99
2024-03-01,Home,South,Online,18,85.72,1542.96,1150.16,392.8
2024-03-01,Clothing,North,Online,13,286.8,3728.4,2616.65,1111.75
2024-03-02,Toys,South,Online,11,76.05,836.55,521.35,315.2
2024-03-03,Home,West,Online,7,219.92,1539.44,840.65,698.79
2024-03-04,Toys,East,Online,15,162.8,2442.0,1111.19,1330.81
2024-03-04,Books,East,Store,21,96.2,2020.2,1498.03,522.17
2024-03-04,Home,West,Wholesale,15,137.72,2065.8,995.54,1070.26
2024-03-05,Clothing,West,Online,14,131.06,1834.84,1289.18,545.66
2024-03-05,Electronics,West,Online,13,31.8,413.4,299.74,113.66
2024-03-06,Electronics,South,Store,18,345.4,6217.2,2808.33,3408.87
2024-03-07,Electronics,West,Online,2,104.8,209.6,131.35,78.25
2024-03-07,Electronics,North,Online,22,236.89,5211.58,2905.71,2305.87
2024-03-07,Electronics,South,Online,6,293.71,1762.26,1083.71,678.55
2024-03-08,Toys,East,Online,10,180.1,1801.0,912.46,888.54
2024-03-08,Clothing,South,Online,2,155.1,310.2,211.2,99.0
2024-03-08,Books,West,Wholesale,8,348.78,2790.24,1469.29,1320.95
2024-03-08,Toys,North,Online,6,127.98,767.88,382.47,385.41
2024-03-08,Electronics,East,Store,23,145.74,3352.02,1865.98,1486.04
2024-03-09,Home,West,Store,22,320.07,7041.54,4790.96,2250.58
2024-03-11,Electronics,North,Online,18,179.23,3226.14,1704.45,1521.69
2024-03-11,Books,South,Wholesale,19,45.81,870.39,404.43,465.96
2024-03-11,Clothing,North,Store,15,314.91,4723.65,2690.76,2032.89
2024-03-11,Clothing,West,Online,17,59.44,1010.48,597.3,413.18
2024-03-12,Electronics,South,Store,3,289.9,869.7,465.13,404.57
2024-03-12,Toys,East,Online,10,103.86,1038.6,727.01,311.59
2024-03-13,Beauty,North,Store,1,13.76,13.76,10.16,3.6
2024-03-13,Beauty,North,Online,8,292.52,2340.16,1175.22,1164.94
2024-03-13,Toys,South,Online,13,273.15,3550.95,1722.93,1828.02
2024-03-14,Clothing,East,Store,16,55.32,885.12,517.41,367.71
2024-03-14,Clothing,North,Store,16,13.08,209.28,134.38,74.9
2024-03-14,Electronics,West,Online,2,303.56,607.12,304.07,303.05
2024-03-14,Toys,North,Online,19,56.59,1075.21,758.29,316.92
2024-03-14,Beauty,East,Store,4,317.97,1271.88,834.88,437.0
2024-03-15,Clothing,West,Online,15,198.81,2982.15,1518.06,1464.09
2024-03-16,Toys,North,Store,5,294.97,1474.85,921.75,553.1
2024-03-17,Home,West,Wholesale,4,339.41,1357.64,647.58,710.06
2024-03-17,Toys,East,Online,11,284.41,3128.51,1739.38,1389.13
2024-03-17,Home,North,Online,15,203.77,3056.55,2235.47,821.08
2024-03-17,Toys,North,Online,24,66.63,1599.12,934.26,664.86
2024-03-18,Clothing,North,Store,12,214.76,2577.12,1188.85,1388.27
2024-03-19,Books,West,Online,24,243.66,5847.84,3145.27,2702.57
2024-03-19,Clothing,South,Store,20,142.25,2845.0,1609.87,1235.13
2024-03-20,Home,South,Online,23,279.9,6437.7,4233.0,2204.7
2024-03-21,Toys,West,Online,19,252.47,4796.93,2863.86,1933.07
2024-03-21,Electronics,East,Online,1,53.9,53.9,34.77,19.13
2024-03-22,Beauty,South,Store,22,75.02,1650.44,886.87,763.57
2024-03-22,Home,West,Wholesale,14,141.08,1975.12,1054.2,920.92
2024-03-23,Clothing,North,Online,19,232.9,4425.1,2640.2,1784.9
2024-03-23,Electronics,West,Online,5,67.28,336.4,154.68,181.72
2024-03-24,Home,South,Online,15,259.02,3885.3,1865.35,2019.95
2024-03-24,Books,South,Online,16,127.57,2041.12,969.24,1071.88
2024-03-25,Toys,East,Online,15,91.65,1374.75,655.4,719.35
2024-03-25,Toys,North,Wholesale,6,154.42,926.52,424.23,502.29
2024-03-25,Electronics,West,Online,9,346.66,3119.94,1850.48,1269.46
2024-03-26,Clothing,North,Store,16,253.68,4058.88,2014.47,2044.41
2024-03-26,Clothing,East,Online,21,216.29,4542.09,2721.58,1820.51
2024-03-27,Beauty,South,Store,8,330.99,2647.92,1533.51,1114.41
2024-03-27,Toys,South,Wholesale,8,111.44,891.52,543.57,347.95
2024-03-27,Toys,West,Online,14,95.97,1343.58,665.19,678.39
2024-03-30,Toys,South,Online,21,161.08,3382.68,1531.69,1850.99
2024-03-30,Books,West,Wholesale,5,319.66,1598.3,886.85,711.45
2024-04-01,Beauty,South,Online,23,241.83,5562.09,3530.97,2031.12
2024-04-01,Toys,South,Online,7,255.45,1788.15,1155.87,632.28
2024-04-01,Books,East,Online,22,275.03,6050.66,4348.31,1702.35
2024-04-02,Toys,North,Online,21,117.89,2475.69,1620.77,854.92
2024-04-02,Home,West,Online,21,194.23,4078.83,2394.18,1684.65
2024-04-02,Electronics,North,Store,23,231.47,5323.81,3445.98,1877.83
2024-04-02,Home,South,Online,24,345.99,8303.76,4531.48,3772.28
2024-04-02,Toys,East,Wholesale,3,339.4,1018.2,678.09,340.11
2024-04-02,Home,North,Online,10,302.42,3024.2,1851.82,1172.38
2024-04-02,Toys,West,Store,5,86.25,431.25,264.42,166.83
2024-04-05,Toys,North,Store,17,236.25,4016.25,2207.04,1809.21
2024-04-05,Clothing,East,Online,15,243.91,3658.65,2131.77,1526.88
2024-04-06,Home,South,Online,16,250.2,4003.2,2271.68,1731.52
2024-04-06,Electronics,East,Online,2,12.96,25.92,12.23,13.69
2024-04-06,Beauty,West,Online,10,68.78,687.8,492.26,195.54
2024-04-07,Beauty,North,Online,4,240.64,962.56,715.24,247.32
2024-04-08,Books,East,Online,17,185.96,3161.32,1554.01,1607.31
2024-04-09,Books,North,Online,3,98.09,294.27,218.38,75.89
2024-04-09,Electronics,East,Online,11,324.1,3565.1,2361.59,1203.51
2024-04-10,Books,North,Wholesale,13,197.1,2562.3,1782.21,780.09
2024-04-11,Beauty,South,Online,12,193.47,2321.64,1242.52,1079.12
2024-04-12,Books,West,Store,21,323.25,6788.25,3056.8,3731.45
2024-04-13,Electronics,South,Online,1,124.71,124.71,85.35,39.36
2024-04-14,Beauty,East,Online,18,158.4,2851.2,1360.75,1490.45
2024-04-14,Books,North,Online,18,169.54,3051.72,2098.7,953.02
2024-04-14,Toys,West,Online,10,142.93,1429.3,1002.22,427.08
2024-04-14,Clothing,South,Store,4,35.11,140.44,94.02,46.42
2024-04-14,Beauty,East,Online,17,23.75,403.75,280.08,123.67
2024-04-15,Books,South,Store,23,344.53,7924.19,5253.42,2670.77
2024-04-15,Electronics,West,Store,5,46.17,230.85,147.68,83.17
2024-04-15,Clothing,East,Wholesale,9,203.43,1830.87,1244.36,586.51
2024-04-16,Toys,South,Wholesale,11,329.38,3623.18,1741.51,1881.67
2024-04-17,Electronics,East,Online,8,196.18,1569.44,1114.03,455.41
2024-04-17,Clothing,North,Store,10,206.13,2061.3,1186.61,874.69
2024-04-17,Toys,West,Online,1,18.27,18.27,9.86,8.41
2024-04-17,Books,South,Store,5,341.03,1705.15,1277.01,428.14
2024-04-20,Electronics,West,Store,14,116.02,1624.28,963.63,660.65
2024-04-20,Toys,North,Online,21,53.88,1131.48,528.63,602.85
2024-04-20,Beauty,West,Store,15,348.61,5229.15,2925.09,2304.06
2024-04-20,Clothing,South,Store,7,325.27,2276.89,1194.96,1081.93
2024-04-20,Toys,East,Wholesale,18,208.56,3754.08,2009.77,1744.31
2024-04-21,Electronics,South,Store,16,164.51,2632.16,1527.11,1105.05
2024-04-22,Clothing,West,Store,24,19.98,479.52,349.96,129.56
2024-04-22,Clothing,South,Online,21,293.73,6168.33,4218.94,1949.39
2024-04-22,Toys,North,Online,6,317.02,1902.12,866.0,1036.12
2024-04-22,Toys,West,Online,15,13.12,196.8,105.68,91.12
2024-04-23,Toys,South,Store,17,233.96,3977.32,2809.23,1168.09
2024-04-24,Clothing,East,Online,18,221.27,3982.86,2010.91,1971.95
2024-04-25,Home,East,Online,20,219.03,4380.6,2155.94,2224.66
2024-04-25,Clothing,East,Store,15,307.28,4609.2,3376.73,1232.47
2024-04-26,Home,North,Wholesale,5,318.03,1590.15,1184.71,405.44
2024-04-26,Books,West,Online,8,261.75,2094.0,1084.21,1009.79
2024-04-26,Toys,South,Wholesale,2,111.65,223.3,132.89,90.41
2024-04-27,Beauty,North,Online,22,336.39,7400.58,5016.21,2384.37
2024-04-27,Home,West,Store,12,249.75,2997.0,1739.25,1257.75
2024-04-28,Beauty,West,Online,23,185.06,4256.38,3033.16,1223.22
2024-04-29,Books,East,Online,18,158.2,2847.6,1735.85,1111.75
2024-04-29,Clothing,South,Store,5,272.71,1363.55,855.49,508.06
2024-04-30,Beauty,South,Store,22,153.81,3383.82,1767.59,1616.23
2024-04-30,Home,East,Store,16,285.9,4574.4,2372.54,2201.86
2024-04-30,Clothing,East,Online,1,178.94,178.94,110.84,68.1
2024-05-01,Books,West,Online,23,28.04,644.92,362.02,282.9
2024-05-01,Home,North,Online,2,326.85,653.7,438.51,215.19
2024-05-01,Toys,West,Online,12,71.63,859.56,472.47,387.09
2024-05-02,Toys,South,Online,9,29.17,262.53,123.14,139.39
2024-05-03,Books,South,Online,8,268.37,2146.96,1293.11,853.85
2024-05-04,Home,South,Online,24,119.27,2862.48,2087.26,775.22
2024-05-05,Clothing,West,Online,3,105.97,317.91,164.44,153.47
2024-05-06,Home,South,Store,15,339.85,5097.75,2591.88,2505.87
2024-05-07,Books,South,Online,4,223.76,895.04,505.07,389.97
2024-05-07,Toys,South,Online,4,114.94,459.76,285.88,173.88
2024-05-07,Beauty,North,Online,6,95.43,572.58,389.98,182.6
2024-05-07,Home,West,Store,17,45.44,772.48,476.04,296.44
2024-05-07,Toys,South,Store,24,282.2,6772.8,4470.2,2302.6
2024-05-07,Clothing,North,Online,16,119.96,1919.36,984.28,935.08
2024-05-07,Electronics,South,Store,13,222.76,2895.88,1908.43,987.45
2024-05-08,Home,North,Online,15,129.32,1939.8,1269.95,669.85
2024-05-08,Books,East,Online,11,72.89,801.79,412.92,388.87
2024-05-08,Beauty,East,Store,18,318.71,5736.78,3691.71,2045.07
2024-05-09,Books,East,Online,3,117.54,352.62,166.11,186.51
2024-05-09,Home,West,Wholesale,18,260.59,4690.62,2285.51,2405.11
2024-05-09,Books,South,Store,17,32.85,558.45,277.11,281.34
2024-05-11,Beauty,West,Online,15,306.24,4593.6,2109.61,2483.99
2024-05-12,Clothing,South,Online,3,199.69,599.07,366.91,232.16
2024-05-13,Home,East,Online,22,179.75,3954.5,2912.06,1042.44
2024-05-15,Toys,West,Store,10,38.12,381.2,284.38,96.82
2024-05-15,Electronics,East,Online,19,162.02,3078.38,1457.51,1620.87
2024-05-15,Clothing,South,Online,7,279.9,1959.3,1152.27,807.03
2024-05-16,Home,West,Online,14,63.93,895.02,592.16,302.86
2024-05-16,Electronics,South,Wholesale,22,174.44,3837.68,2262.72,1574.96
2024-05-16,Books,North,Online,2,109.68,219.36,118.57,100.79
2024-05-16,Toys,West,Store,11,247.23,2719.53,1556.94,1162.59
2024-05-17,Home,East,Online,6,221.41,1328.46,708.59,619.87
2024-05-19,Beauty,West,Store,24,271.32,6511.68,4324.54,2187.14
2024-05-20,Home,South,Wholesale,20,282.77,5655.4,4073.93,1581.47
2024-05-20,Home,North,Online,22,200.77,4416.94,2568.54,1848.4
2024-05-20,Toys,East,Online,16,96.51,1544.16,789.81,754.35
2024-05-20,Home,East,Online,24,340.93,8182.32,5360.49,2821.83
2024-05-24,Toys,West,Wholesale,3,280.4,841.2,583.75,257.45
2024-05-24,Books,West,Online,21,73.21,1537.41,1114.26,423.15
2024-05-24,Beauty,North,Wholesale,9,349.35,3144.15,2243.45,900.7
2024-05-25,Books,North,Online,17,289.72,4925.24,3576.32,1348.92
2024-05-26,Clothing,South,Online,15,101.1,1516.5,716.51,799.99
2024-05-26,Toys,South,Online,16,220.21,3523.36,1943.72,1579.64
2024-05-27,Toys,North,Online,19,32.95,626.05,399.94,226.11
2024-05-27,Books,West,Online,13,262.52,3412.76,1776.03,1636.73
2024-05-28,Beauty,East,Online,16,327.66,5242.56,2937.48,2305.08
2024-05-28,Beauty,North,Online,2,112.72,225.44,162.43,63.01
2024-05-28,Home,North,Store,5,329.28,1646.4,765.97,880.43
2024-05-28,Electronics,South,Store,15,244.06,3660.9,2083.86,1577.04
2024-05-29,Beauty,West,Wholesale,7,230.63,1614.41,952.83,661.58
2024-05-29,Clothing,North,Online,14,311.18,4356.52,2002.16,2354.36
2024-05-29,Home,North,Online,14,20.36,285.04,208.71,76.33
2024-05-30,Toys,South,Online,23,166.97,3840.31,2424.98,1415.33
2024-05-30,Clothing,East,Online,8,303.11,2424.88,1180.22,1244.66
2024-06-01,Electronics,South,Online,10,223.78,2237.8,1545.52,692.28
2024-06-01,Home,East,Online,2,262.8,525.6,316.31,209.29
2024-06-01,Beauty,South,Online,21,315.69,6629.49,4298.08,2331.41
2024-06-02,Beauty,North,Store,17,105.3,1790.1,887.22,902.88
2024-06-03,Electronics,East,Online,8,111.72,893.76,647.56,246.2
2024-06-03,Electronics,South,Online,13,271.3,3526.9,1933.57,1593.33
2024-06-04,Toys,South,Online,10,191.8,1918.0,935.57,982.43
2024-06-04,Electronics,North,Store,18,236.31,4253.58,2758.11,1495.47
2024-06-04,Home,West,Store,24,61.67,1480.08,721.46,758.62
2024-06-04,Clothing,South,Online,23,270.64,6224.72,3450.24,2774.48
2024-06-05,Clothing,East,Wholesale,12,13.77,165.24,89.62,75.62
2024-06-05,Clothing,North,Online,20,11.09,221.8,161.95,59.85
2024-06-06,Toys,West,Online,10,125.62,1256.2,751.29,504.91
2024-06-07,Electronics,North,Online,20,180.58,3611.6,1743.72,1867.88
2024-06-09,Books,North,Online,7,135.29,947.03,628.31,318.72
2024-06-09,Electronics,North,Online,17,334.96,5694.32,2868.73,2825.59
2024-06-09,Beauty,West,Online,23,250.73,5766.79,3721.61,2045.18
2024-06-09,Clothing,East,Store,16,259.06,4144.96,2552.3,1592.66
2024-06-09,Home,West,Online,4,258.07,1032.28,530.76,501.52
2024-06-10,Clothing,North,Online,18,162.53,2925.54,2143.09,782.45
2024-06-11,Toys,South,Wholesale,15,326.59,4898.85,3258.87,1639.98
2024-06-11,Beauty,West,Store,19,331.63,6300.97,3939.89,2361.08
2024-06-11,Electronics,East,Online,23,161.11,3705.53,2570.29,1135.24
2024-06-12,Home,West,Wholesale,2,30.36,60.72,44.38,16.34
2024-06-13,Books,North,Online,2,165.95,331.9,182.36,149.54
2024-06-13,Beauty,North,Online,15,201.64,3024.6,1492.85,1531.75
2024-06-13,Books,East,Online,12,192.75,2313.0,1089.17,1223.83
2024-06-14,Toys,West,Wholesale,10,288.64,2886.4,1409.98,1476.42
2024-06-14,Toys,South,Online,14,248.62,3480.68,2086.66,1394.02
2024-06-15,Books,West,Online,21,111.01,2331.21,1097.9,1233.31
2024-06-15,Clothing,South,Store,16,230.58,3689.28,2734.25,955.03
2024-06-15,Toys,East,Online,3,136.06,408.18,228.26,179.92
2024-06-15,Books,North,Online,12,91.97,1103.64,544.48,559.16
2024-06-16,Books,West,Online,21,19.64,412.44,192.09,220.35
2024-06-16,Beauty,South,Online,15,232.08,3481.2,1801.09,1680.11
2024-06-16,Electronics,South,Wholesale,3,247.65,742.95,507.12,235.83
2024-06-18,Toys,West,Online,14,152.4,2133.6,1082.2,1051.4
2024-06-18,Clothing,North,Online,1,310.61,310.61,228.66,81.95
2024-06-19,Toys,South,Online,4,172.64,690.56,396.06,294.5
2024-06-20,Clothing,West,Store,16,202.58,3241.28,2421.09,820.19
2024-06-20,Clothing,West,Wholesale,7,335.68,2349.76,1178.43,1171.33
2024-06-20,Home,North,Store,16,338.27,5412.32,3023.69,2388.63
2024-06-20,Home,West,Store,19,211.82,4024.58,2155.02,1869.56
2024-06-20,Clothing,South,Online,20,92.67,1853.4,1149.78,703.62
2024-06-21,Toys,West,Online,16,92.46,1479.36,860.06,619.3
2024-06-21,Beauty,East,Online,1,137.85,137.85,75.11,62.74
2024-06-22,Home,East,Online,5,69.05,345.25,229.81,115.44
2024-06-23,Clothing,North,Online,18,327.23,5890.14,2715.58,3174.56
2024-06-23,Clothing,North,Store,16,227.33,3637.28,1964.98,1672.3
2024-06-23,Home,West,Store,5,11.71,58.55,29.33,29.22
2024-06-23,Electronics,South,Store,22,187.86,4132.92,2750.83,1382.09
2024-06-24,Books,South,Store,17,251.77,4280.09,2140.02,2140.07
2024-06-25,Home,South,Wholesale,3,92.66,277.98,161.32,116.66
2024-06-25,Home,East,Online,17,198.32,3371.44,2497.66,873.78
2024-06-27,Beauty,West,Store,24,281.97,6767.28,3955.8,2811.48
2024-06-28,Toys,East,Wholesale,19,20.35,386.65,224.63,162.02
2024-06-28,Home,East,Online,17,220.36,3746.12,1708.4,2037.72
2024-06-29,Beauty,South,Online,13,150.76,1959.88,1374.77,585.11
2024-06-30,Clothing,North,Store,16,203.93,3262.88,2152.85,1110.03
2024-06-30,Clothing,North,Online,9,144.76,1302.84,748.27,554.57
2024-07-01,Beauty,West,Store,4,289.87,1159.48,809.94,349.54
2024-07-01,Beauty,West,Online,4,245.63,982.52,716.72,265.8
2024-07-01,Home,East,Store,12,101.67,1220.04,854.61,365.43
2024-07-02,Toys,West,Online,21,273.59,5745.39,4271.43,1473.96
2024-07-02,Electronics,North,Online,1,60.71,60.71,34.87,25.84
2024-07-02,Books,East,Store,21,16.36,343.56,219.07,124.49
2024-07-03,Toys,North,Store,13,64.91,843.83,490.48,353.35
2024-07-03,Toys,North,Online,23,46.48,1069.04,780.68,288.36
2024-07-04,Clothing,North,Online,22,76.69,1687.18,772.56,914.62
2024-07-05,Books,North,Store,17,333.94,5676.98,2949.43,2727.55
2024-07-05,Home,East,Online,12,321.42,3857.04,1829.51,2027.53
2024-07-05,Toys,North,Online,10,288.03,2880.3,1971.22,909.08
2024-07-06,Clothing,West,Online,11,292.37,3216.07,1739.23,1476.84
2024-07-07,Clothing,North,Store,4,69.08,276.32,131.6,144.72
2024-07-08,Books,East,Wholesale,20,231.9,4638.0,2646.47,1991.53
2024-07-08,Books,East,Wholesale,4,104.51,418.04,188.21,229.83
2024-07-10,Clothing,West,Online,15,310.07,4651.05,2788.06,1862.99
2024-07-10,Electronics,West,Online,24,228.55,5485.2,3378.75,2106.45
2024-07-10,Electronics,North,Online,12,276.26,3315.12,2036.42,1278.7
2024-07-11,Home,West,Online,15,255.64,3834.6,2164.6,1670.0
2024-07-12,Books,East,Online,3,151.83,455.49,277.0,178.49
2024-07-12,Toys,South,Online,2,190.32,380.64,192.43,188.21
2024-07-13,Beauty,South,Online,18,35.42,637.56,315.42,322.14
2024-07-13,Toys,West,Store,24,279.49,6707.76,3769.81,2937.95
2024-07-13,Books,West,Online,12,327.57,3930.84,2810.99,1119.85
2024-07-13,Home,South,Online,24,20.77,498.48,323.55,174.93
2024-07-14,Beauty,North,Online,21,111.78,2347.38,1174.33,1173.05
2024-07-15,Clothing,West,Online,5,183.45,917.25,568.64,348.61
2024-07-16,Books,West,Online,20,127.68,2553.6,1579.69,973.91
2024-07-16,Electronics,East,Store,21,10.38,217.98,158.24,59.74
2024-07-17,Toys,West,Store,11,46.35,509.85,287.93,221.92
2024-07-17,Electronics,North,Store,5,192.04,960.2,673.51,286.69
2024-07-18,Home,East,Online,2,292.66,585.32,380.72,204.6
2024-07-18,Clothing,South,Online,12,76.85,922.2,644.55,277.65
2024-07-19,Home,East,Online,14,41.11,575.54,405.4,170.14
2024-07-19,Books,North,Online,14,310.32,4344.48,3214.36,1130.12
2024-07-19,Books,North,Online,2,341.85,683.7,487.68,196.02
2024-07-19,Clothing,North,Wholesale,11,224.42,2468.62,1516.45,952.17
2024-07-19,Toys,West,Store,13,341.57,4440.41,3296.24,1144.17
2024-07-19,Electronics,North,Wholesale,15,9.39,140.85,89.01,51.84
2024-07-20,Home,West,Online,21,162.23,3406.83,1927.56,1479.27
2024-07-20,Toys,East,Online,15,181.57,2723.55,1849.87,873.68
2024-07-21,Beauty,East,Store,18,44.16,794.88,373.76,421.12
2024-07-21,Toys,East,Store,23,223.74,5146.02,2360.82,2785.2
2024-07-21,Home,West,Online,15,145.01,2175.15,1005.31,1169.84
2024-07-22,Electronics,South,Wholesale,19,298.14,5664.66,2756.74,2907.92
2024-07-22,Books,East,Online,21,309.11,6491.31,3212.87,3278.44
2024-07-23,Toys,East,Online,3,105.26,315.78,170.88,144.9
2024-07-23,Beauty,West,Store,20,160.03,3200.6,2237.81,962.79
2024-07-23,Clothing,North,Store,15,331.08,4966.2,3305.63,1660.57
2024-07-23,Beauty,South,Store,17,293.95,4997.15,2797.67,2199.48
2024-07-23,Home,East,Store,21,54.63,1147.23,648.48,498.75
2024-07-25,Home,East,Online,10,280.52,2805.2,1416.0,1389.2
2024-07-25,Toys,South,Store,5,323.95,1619.75,804.57,815.18
2024-07-25,Books,North,Store,24,42.31,1015.44,591.22,424.22
2024-07-26,Beauty,North,Online,8,164.69,1317.52,968.1,349.42
2024-07-26,Books,North,Online,6,273.78,1642.68,1098.74,543.94
2024-07-26,Toys,North,Store,3,35.56,106.68,54.89,51.79
2024-07-26,Toys,North,Store,10,289.14,2891.4,1697.34,1194.06
2024-07-27,Toys,West,Online,14,189.86,2658.04,1575.7,1082.34
2024-07-27,Home,West,Store,21,105.54,2216.34,1198.96,1017.38
2024-07-28,Electronics,East,Online,19,300.32,5706.08,3956.86,1749.22
2024-07-28,Toys,East,Online,8,230.87,1846.96,1241.21,605.75
2024-07-28,Books,South,Online,13,46.77,608.01,390.7,217.31
2024-07-29,Clothing,East,Store,18,15.75,283.5,153.31,130.19
2024-07-29,Home,North,Online,20,331.49,6629.8,3563.24,3066.56
2024-07-30,Books,West,Store,3,89.33,267.99,135.68,132.31
2024-07-31,Books,South,Online,6,61.5,369.0,188.54,180.46
2024-08-01,Beauty,West,Store,12,38.81,465.72,305.3,160.42
2024-08-01,Clothing,South,Online,10,34.08,340.8,163.45,177.35
2024-08-02,Electronics,East,Online,10,140.96,1409.6,815.31,594.29
2024-08-02,Books,South,Online,24,218.51,5244.24,2666.07,2578.17
2024-08-02,Electronics,South,Online,14,235.66,3299.24,2282.45,1016.79
2024-08-02,Home,North,Store,3,118.54,355.62,241.34,114.28
2024-08-02,Toys,South,Online,4,163.33,653.32,465.38,187.94
2024-08-02,Books,West,Store,18,147.54,2655.72,1404.87,1250.85
2024-08-03,Beauty,West,Online,2,155.18,310.36,152.14,158.22
2024-08-04,Beauty,South,Online,6,190.32,1141.92,779.92,362.0
2024-08-05,Clothing,North,Online,19,180.58,3431.02,1733.27,1697.75
2024-08-05,Home,South,Online,17,309.03,5253.51,2827.91,2425.6
2024-08-06,Home,North,Online,14,61.56,861.84,641.8,220.04
2024-08-06,Electronics,North,Online,1,46.51,46.51,32.2,14.31
2024-08-07,Books,East,Online,1,348.87,348.87,216.37,132.5
2024-08-08,Books,North,Online,10,100.29,1002.9,724.72,278.18
2024-08-08,Toys,West,Online,3,331.0,993.0,685.86,307.14
2024-08-08,Books,East,Online,11,185.82,2044.02,1265.08,778.94
2024-08-09,Clothing,West,Store,8,278.56,2228.48,1377.9,850.58
2024-08-09,Toys,East,Wholesale,22,114.92,2528.24,1275.06,1253.18
2024-08-09,Clothing,West,Online,3,40.33,120.99,84.88,36.11
2024-08-10,Electronics,South,Store,7,217.51,1522.57,698.35,824.22
2024-08-11,Beauty,South,Store,3,41.7,125.1,92.29,32.81
2024-08-11,Clothing,West,Store,13,339.2,4409.6,2970.23,1439.37
2024-08-11,Books,South,Online,11,229.86,2528.46,1329.58,1198.88
2024-08-11,Clothing,East,Online,8,316.51,2532.08,1532.6,999.48
2024-08-13,Home,North,Store,21,89.82,1886.22,1246.26,639.96
2024-08-13,Toys,West,Store,9,292.0,2628.0,1837.18,790.82
2024-08-13,Clothing,South,Wholesale,7,208.01,1456.07,749.13,706.94
2024-08-13,Home,East,Store,5,162.86,814.3,434.59,379.71
2024-08-14,Clothing,East,Online,11,60.25,662.75,487.22,175.53
2024-08-14,Beauty,North,Online,8,248.33,1986.64,1101.03,885.61
2024-08-14,Toys,North,Online,5,20.13,100.65,49.87,50.78
2024-08-15,Electronics,South,Online,15,98.74,1481.1,749.73,731.37
2024-08-15,Toys,North,Online,20,176.74,3534.8,1667.62,1867.18
2024-08-15,Toys,North,Online,16,212.57,3401.12,2350.69,1050.43
2024-08-15,Electronics,South,Online,17,98.62,1676.54,764.45,912.09
2024-08-17,Toys,North,Online,15,84.32,1264.8,736.69,528.11
2024-08-17,Books,South,Wholesale,16,93.16,1490.56,1013.09,477.47
2024-08-17,Beauty,West,Online,22,209.14,4601.08,3062.35,1538.73
2024-08-17,Clothing,South,Wholesale,23,275.79,6343.17,4526.71,1816.46
2024-08-18,Clothing,South,Online,8,31.54,252.32,153.91,98.41
2024-08-18,Books,South,Store,18,281.65,5069.7,3584.49,1485.21
2024-08-19,Clothing,North,Online,6,84.0,504.0,237.61,266.39
2024-08-19,Toys,West,Wholesale,17,238.85,4060.45,2388.69,1671.76
2024-08-19,Clothing,East,Store,22,174.35,3835.7,2662.18,1173.52
2024-08-20,Books,South,Store,11,122.42,1346.62,812.89,533.73
2024-08-20,Clothing,West,Online,7,214.07,1498.49,951.15,547.34
2024-08-21,Home,North,Online,16,329.6,5273.6,3168.29,2105.31
2024-08-22,Toys,West,Online,8,323.75,2590.0,1611.6,978.4
2024-08-22,Electronics,South,Online,3,315.33,945.99,628.27,317.72
2024-08-23,Beauty,East,Store,21,68.15,1431.15,745.99,685.16
2024-08-23,Clothing,West,Store,6,249.24,1495.44,1065.02,430.42
2024-08-23,Books,East,Store,22,92.93,2044.46,1007.03,1037.43
2024-08-24,Toys,North,Online,9,35.04,315.36,227.56,87.8
2024-08-24,Beauty,North,Online,2,322.41,644.82,391.06,253.76
2024-08-24,Beauty,North,Store,3,56.48,169.44,87.33,82.11
2024-08-25,Books,West,Online,1,122.96,122.96,57.05,65.91
2024-08-26,Toys,South,Online,8,87.75,702.0,339.58,362.42
2024-08-26,Electronics,South,Wholesale,16,232.43,3718.88,1851.39,1867.49
2024-08-26,Home,East,Online,1,69.82,69.82,44.83,24.99
2024-08-26,Beauty,East,Store,7,324.24,2269.68,1411.7,857.98
2024-08-27,Home,North,Online,19,162.91,3095.29,1472.98,1622.31
2024-08-28,Toys,South,Online,12,37.21,446.52,254.19,192.33
2024-08-28,Clothing,East,Online,9,183.37,1650.33,941.02,709.31
2024-08-29,Home,West,Store,12,344.3,4131.6,3066.96,1064.64
2024-08-29,Books,East,Online,15,304.49,4567.35,2304.29,2263.06
2024-08-29,Clothing,North,Online,6,71.19,427.14,238.74,188.4
2024-08-29,Clothing,East,Online,18,259.5,4671.0,3113.75,1557.25
2024-08-29,Electronics,North,Online,20,73.78,1475.6,681.88,793.72
2024-08-31,Beauty,South,Store,20,300.96,6019.2,4224.1,1795.1
2024-08-31,Toys,East,Store,12,249.22,2990.64,1909.09,1081.55
2024-08-31,Toys,East,Wholesale,2,227.55,455.1,261.85,193.25
2024-09-01,Clothing,East,Store,24,197.48,4739.52,3484.43,1255.09
2024-09-02,Toys,North,Online,7,266.96,1868.72,986.04,882.68
2024-09-03,Electronics,West,Store,13,325.31,4229.03,3164.88,1064.15
2024-09-04,Home,North,Online,23,322.58,7419.34,4138.22,3281.12
2024-09-05,Electronics,East,Store,22,30.58,672.76,460.48,212.28
2024-09-06,Home,East,Store,8,287.24,2297.92,1277.07,1020.85
2024-09-07,Books,South,Store,8,320.36,2562.88,1359.0,1203.88
2024-09-08,Books,South,Online,14,279.51,3913.14,2436.58,1476.56
2024-09-08,Beauty,South,Wholesale,5,105.45,527.25,312.5,214.75
2024-09-10,Electronics,West,Online,15,260.12,3901.8,1761.25,2140.55
2024-09-10,Home,South,Store,12,179.0,2148.0,1582.43,565.57
2024-09-10,Books,North,Online,18,126.22,2271.96,1461.63,810.33
2024-09-10,Beauty,East,Online,9,329.51,2965.59,1441.99,1523.6
2024-09-11,Beauty,North,Store,18,303.21,5457.78,2958.62,2499.16
2024-09-11,Toys,South,Online,5,246.09,1230.45,742.04,488.41
2024-09-11,Home,North,Online,15,302.96,4544.4,2659.29,1885.11
2024-09-12,Toys,North,Store,1,32.83,32.83,21.16,11.67
2024-09-12,Beauty,West,Online,12,58.89,706.68,369.47,337.21
2024-09-12,Books,West,Online,21,198.03,4158.63,2646.06,1512.57
2024-09-13,Electronics,East,Store,16,223.01,3568.16,2334.52,1233.64
2024-09-13,Beauty,North,Online,4,310.57,1242.28,605.79,636.49
2024-09-13,Electronics,South,Store,7,297.3,2081.1,1116.72,964.38
2024-09-13,Electronics,East,Store,20,283.08,5661.6,2843.94,2817.66
2024-09-13,Beauty,East,Online,6,218.17,1309.02,657.19,651.83
2024-09-14,Books,North,Online,6,226.06,1356.36,782.9,573.46
2024-09-14,Clothing,North,Store,3,199.36,598.08,335.98,262.1
2024-09-14,Home,North,Store,13,13.01,169.13,114.76,54.37
2024-09-14,Home,West,Online,24,265.37,6368.88,4684.49,1684.39
2024-09-15,Toys,West,Online,11,175.37,1929.07,1085.67,843.4
2024-09-15,Clothing,East,Store,4,304.6,1218.4,635.45,582.95
2024-09-15,Beauty,West,Online,4,176.67,706.68,348.69,357.99
2024-09-16,Beauty,North,Online,5,221.47,1107.35,817.45,289.9
2024-09-16,Clothing,East,Store,24,256.6,6158.4,2949.36,3209.04
2024-09-16,Clothing,North,Online,18,307.57,5536.26,2616.4,2919.86
2024-09-17,Home,South,Online,12,84.13,1009.56,571.93,437.63
2024-09-18,Books,West,Online,6,16.28,97.68,62.61,35.07
2024-09-19,Home,South,Store,10,97.82,978.2,607.35,370.85
2024-09-19,Toys,East,Wholesale,16,313.77,5020.32,2972.72,2047.6
2024-09-20,Beauty,North,Online,14,276.04,3864.56,2109.62,1754.94
2024-09-20,Clothing,South,Store,18,212.27,3820.86,2453.14,1367.72
2024-09-20,Home,East,Online,12,87.06,1044.72,620.88,423.84
2024-09-20,Home,East,Online,16,263.15,4210.4,2683.18,1527.22
2024-09-21,Home,South,Online,24,262.5,6300.0,4519.9,1780.1
2024-09-21,Home,East,Store,4,338.09,1352.36,655.49,696.87
2024-09-21,Beauty,North,Online,16,177.5,2840.0,1591.11,1248.89
2024-09-22,Home,East,Online,6,79.63,477.78,215.98,261.8
2024-09-23,Beauty,West,Store,24,164.65,3951.6,2822.2,1129.4
2024-09-23,Electronics,West,Online,21,239.38,5026.98,2306.2,2720.78
2024-09-23,Beauty,North,Online,6,95.39,572.34,370.99,201.35
2024-09-24,Clothing,West,Store,18,247.72,4458.96,3016.28,1442.68
2024-09-24,Home,South,Store,5,36.82,184.1,105.08,79.02
2024-09-25,Beauty,North,Online,24,58.87,1412.88,874.53,538.35
2024-09-26,Beauty,West,Online,20,128.85,2577.0,1595.67,981.33
2024-09-26,Home,West,Online,23,302.8,6964.4,3790.29,3174.11
2024-09-26,Electronics,East,Online,2,309.97,619.94,351.29,268.65
2024-09-27,Home,East,Online,6,260.94,1565.64,940.93,624.71
2024-09-27,Books,West,Online,2,268.84,537.68,315.19,222.49
2024-09-28,Clothing,West,Online,1,103.92,103.92,60.95,42.97
2024-09-30,Books,South,Online,10,196.85,1968.5,1038.35,930.15
2024-09-30,Electronics,West,Store,1,233.15,233.15,166.1,67.05
2024-09-30,Clothing,East,Online,22,248.33,5463.26,3849.99,1613.27
2024-10-01,Clothing,West,Store,17,285.03,4845.51,2843.5,2002.01
2024-10-02,Books,North,Online,7,190.8,1335.6,925.6,410.0
2024-10-02,Electronics,South,Store,14,285.44,3996.16,1869.15,2127.01
2024-10-02,Books,West,Online,3,305.31,915.93,457.91,458.02
2024-10-03,Toys,South,Online,10,225.7,2257.0,1145.59,1111.41
2024-10-03,Clothing,North,Store,11,277.45,3051.95,1919.66,1132.29
2024-10-06,Clothing,South,Online,13,234.59,3049.67,1694.99,1354.68
2024-10-07,Toys,East,Store,2,154.61,309.22,211.52,97.7
2024-10-08,Toys,South,Online,12,58.11,697.32,486.6,210.72
2024-10-08,Home,West,Store,15,215.72,3235.8,2107.98,1127.82
2024-10-08,Electronics,North,Store,6,289.24,1735.44,972.46,762.98
2024-10-09,Home,East,Online,12,8.8,105.6,50.21,55.39
2024-10-09,Clothing,South,Store,12,128.1,1537.2,880.26,656.94
2024-10-10,Toys,South,Online,22,169.5,3729.0,2035.7,1693.3
2024-10-10,Electronics,North,Online,19,187.52,3562.88,2598.47,964.41
2024-10-11,Books,West,Store,2,77.7,155.4,110.68,44.72
2024-10-11,Electronics,West,Online,13,294.45,3827.85,2312.61,1515.24
2024-10-11,Beauty,West,Online,24,186.58,4477.92,2320.85,2157.07
2024-10-11,Home,West,Online,6,317.59,1905.54,875.36,1030.18
2024-10-11,Home,South,Online,6,292.96,1757.76,1164.56,593.2
2024-10-11,Electronics,East,Wholesale,4,137.91,551.64,369.66,181.98
2024-10-11,Clothing,North,Online,24,108.07,2593.68,1785.45,808.23
2024-10-12,Electronics,West,Online,16,211.46,3383.36,1772.53,1610.83
2024-10-14,Clothing,North,Online,20,193.09,3861.8,2040.94,1820.86
2024-10-14,Toys,South,Online,19,92.53,1758.07,1179.77,578.3
2024-10-14,Beauty,North,Online,5,317.09,1585.45,720.46,864.99
2024-10-14,Clothing,East,Online,17,68.74,1168.58,652.01,516.57
2024-10-15,Toys,North,Store,10,217.72,2177.2,1092.99,1084.21
2024-10-15,Toys,East,Wholesale,15,300.25,4503.75,2483.23,2020.52
2024-10-15,Electronics,North,Online,11,58.0,638.0,376.24,261.76
2024-10-15,Clothing,East,Online,14,18.17,254.38,169.04,85.34
2024-10-16,Books,East,Online,2,255.93,511.86,337.35,174.51
2024-10-16,Toys,South,Online,16,311.6,4985.6,2782.38,2203.22
2024-10-17,Electronics,East,Online,17,278.25,4730.25,3259.03,1471.22
2024-10-17,Electronics,West,Online,23,245.57,5648.11,3379.79,2268.32
2024-10-18,Toys,East,Online,4,325.92,1303.68,773.58,530.1
2024-10-19,Beauty,South,Online,14,232.03,3248.42,1904.68,1343.74
2024-10-19,Electronics,West,Online,7,292.03,2044.21,1371.8,672.41
2024-10-19,Clothing,East,Online,7,275.63,1929.41,1037.6,891.81
2024-10-20,Home,East,Store,1,239.31,239.31,148.79,90.52
2024-10-20,Electronics,East,Store,18,316.94,5704.92,3076.4,2628.52
2024-10-21,Toys,South,Store,1,240.83,240.83,129.32,111.51
2024-10-21,Toys,North,Online,4,76.3,305.2,175.43,129.77
2024-10-22,Clothing,South,Online,9,212.66,1913.94,1098.85,815.09
2024-10-22,Beauty,North,Store,23,34.63,796.49,429.88,366.61
2024-10-22,Books,East,Online,17,314.24,5342.08,3534.91,1807.17
2024-10-22,Electronics,North,Online,15,268.9,4033.5,2400.78,1632.72
2024-10-23,Beauty,South,Online,17,111.1,1888.7,1198.08,690.62
2024-10-23,Toys,East,Store,24,331.53,7956.72,4697.34,3259.38
2024-10-23,Beauty,South,Online,21,98.25,2063.25,1305.36,757.89
2024-10-23,Toys,West,Store,1,292.46,292.46,204.25,88.21
2024-10-23,Home,North,Store,2,101.51,203.02,114.81,88.21
2024-10-24,Beauty,South,Store,4,246.85,987.4,480.58,506.82
2024-10-25,Books,West,Store,4,232.71,930.84,508.3,422.54
2024-10-26,Beauty,North,Wholesale,10,183.76,1837.6,1044.82,792.78
2024-10-26,Home,West,Online,10,115.53,1155.3,671.36,483.94
2024-10-26,Books,North,Online,7,321.11,2247.77,1181.72,1066.05
2024-10-27,Books,South,Online,4,48.97,195.88,104.61,91.27
2024-10-27,Books,East,Online,11,88.47,973.17,556.38,416.79
2024-10-27,Beauty,East,Online,13,188.7,2453.1,1137.02,1316.08
2024-10-27,Electronics,North,Store,12,106.56,1278.72,659.14,619.58
2024-10-28,Home,North,Wholesale,1,255.05,255.05,121.05,134.0
2024-10-29,Toys,West,Online,15,311.54,4673.1,2605.85,2067.25
2024-10-29,Books,South,Online,21,30.35,637.35,400.91,236.44
2024-10-29,Home,South,Wholesale,20,216.56,4331.2,2523.66,1807.54
2024-10-30,Toys,East,Online,23,147.58,3394.34,2500.82,893.52
2024-10-30,Toys,North,Online,10,165.59,1655.9,886.29,769.61
2024-10-30,Home,South,Online,3,16.88,50.64,35.35,15.29
2024-10-31,Clothing,North,Online,1,284.23,284.23,128.85,155.38
2024-10-31,Beauty,West,Online,8,209.04,1672.32,1160.03,512.29
2024-11-01,Books,West,Store,6,188.67,1132.02,753.88,378.14
2024-11-02,Beauty,East,Store,23,46.63,1072.49,781.36,291.13
2024-11-02,Toys,West,Online,15,221.2,3318.0,2486.8,831.2
2024-11-03,Beauty,South,Store,15,267.64,4014.6,2365.89,1648.71
2024-11-03,Electronics,West,Online,12,63.46,761.52,505.99,255.53
2024-11-04,Electronics,South,Online,3,171.96,515.88,246.58,269.3
2024-11-04,Home,South,Online,7,15.35,107.45,65.09,42.36
2024-11-05,Toys,South,Online,20,328.11,6562.2,3128.91,3433.29
2024-11-06,Books,East,Online,4,60.37,241.48,176.38,65.1
2024-11-06,Home,North,Online,10,43.08,430.8,289.28,141.52
2024-11-06,Electronics,East,Store,24,198.64,4767.36,3138.53,1628.83
2024-11-06,Home,West,Online,9,66.65,599.85,285.13,314.72
2024-11-07,Beauty,South,Online,11,186.39,2050.29,1511.11,539.18
2024-11-08,Home,West,Online,5,331.55,1657.75,1241.9,415.85
2024-11-08,Beauty,North,Online,3,346.19,1038.57,692.1,346.47
2024-11-09,Clothing,South,Online,11,99.27,1091.97,511.73,580.24
2024-11-09,Home,West,Online,9,169.89,1529.01,829.21,699.8
2024-11-09,Toys,South,Online,10,197.65,1976.5,1066.76,909.74
2024-11-10,Home,East,Store,11,101.73,1119.03,823.28,295.75
2024-11-10,Electronics,East,Store,2,314.28,628.56,355.7,272.86
2024-11-11,Electronics,West,Online,16,268.84,4301.44,3020.85,1280.59
2024-11-12,Clothing,West,Online,2,330.76,661.52,397.79,263.73
2024-11-12,Clothing,West,Store,22,248.78,5473.16,3247.89,2225.27
2024-11-12,Books,West,Wholesale,12,347.32,4167.84,2168.2,1999.64
2024-11-12,Home,North,Online,10,223.16,2231.6,1116.34,1115.26
2024-11-14,Toys,East,Online,10,315.4,3154.0,1594.99,1559.01
2024-11-14,Beauty,East,Online,18,223.66,4025.88,2955.05,1070.83
2024-11-14,Electronics,West,Online,7,45.21,316.47,143.65,172.82
2024-11-14,Home,North,Online,2,149.42,298.84,176.92,121.92
2024-11-15,Clothing,East,Wholesale,21,39.32,825.72,417.95,407.77
2024-11-15,Electronics,South,Online,23,334.44,7692.12,4084.12,3608.0
2024-11-18,Electronics,South,Online,11,41.74,459.14,229.92,229.22
2024-11-18,Books,North,Store,19,137.74,2617.06,1398.76,1218.3
2024-11-18,Electronics,West,Online,12,251.41,3016.92,1412.99,1603.93
2024-11-18,Toys,West,Online,12,232.09,2785.08,1938.49,846.59
2024-11-19,Electronics,West,Online,15,160.89,2413.35,1694.58,718.77
2024-11-19,Books,East,Wholesale,2,281.44,562.88,294.24,268.64
2024-11-20,Clothing,North,Store,23,50.58,1163.34,587.11,576.23
2024-11-20,Electronics,South,Online,4,264.74,1058.96,607.39,451.57
2024-11-20,Toys,East,Online,10,261.73,2617.3,1926.72,690.58
2024-11-22,Books,South,Online,21,61.9,1299.9,879.11,420.79
2024-11-22,Electronics,North,Wholesale,23,222.07,5107.61,3165.33,1942.28
2024-11-23,Books,South,Store,1,28.54,28.54,19.64,8.9
2024-11-23,Electronics,South,Online,9,208.51,1876.59,1397.11,479.48
2024-11-23,Books,East,Online,20,189.66,3793.2,2375.14,1418.06
2024-11-24,Beauty,South,Online,18,161.66,2909.88,2066.95,842.93
2024-11-24,Clothing,North,Store,4,214.97,859.88,523.03,336.85
2024-11-26,Books,South,Online,6,340.33,2041.98,1002.38,1039.6
2024-11-26,Home,East,Online,12,181.02,2172.24,1598.87,573.37
2024-11-27,Clothing,North,Store,23,97.27,2237.21,1494.06,743.15
2024-11-27,Clothing,West,Online,18,46.25,832.5,529.97,302.53
2024-11-27,Books,East,Online,18,235.0,4230.0,2183.49,2046.51
2024-11-27,Home,South,Wholesale,11,173.9,1912.9,1187.89,725.01
2024-11-28,Home,South,Wholesale,1,256.93,256.93,151.4,105.53
2024-11-28,Home,North,Online,22,192.4,4232.8,2114.52,2118.28
2024-11-29,Clothing,West,Store,20,215.25,4305.0,2815.15,1489.85
2024-11-29,Beauty,North,Online,18,203.8,3668.4,2327.56,1340.84
2024-11-29,Books,South,Online,3,36.55,109.65,77.64,32.01
2024-11-30,Beauty,South,Store,10,138.26,1382.6,979.24,403.36
2024-11-30,Toys,South,Store,11,115.12,1266.32,863.03,403.29
2024-12-01,Beauty,East,Store,11,86.35,949.85,470.99,478.86
2024-12-01,Home,South,Online,13,118.53,1540.89,892.17,648.72
2024-12-01,Electronics,South,Store,11,276.21,3038.31,2032.83,1005.48
2024-12-01,Electronics,West,Store,5,305.8,1529.0,1098.5,430.5
2024-12-02,Electronics,North,Online,9,39.05,351.45,232.48,118.97
2024-12-02,Beauty,South,Online,16,44.15,706.4,464.97,241.43
2024-12-02,Books,West,Wholesale,18,96.64,1739.52,1152.08,587.44
2024-12-02,Clothing,South,Online,22,267.53,5885.66,4146.72,1738.94
2024-12-03,Electronics,North,Online,2,83.85,167.7,103.45,64.25
2024-12-04,Electronics,East,Store,4,290.47,1161.88,809.32,352.56
2024-12-04,Electronics,South,Online,16,301.75,4828.0,2815.3,2012.7
2024-12-05,Electronics,West,Store,19,242.67,4610.73,2765.68,1845.05
2024-12-06,Clothing,North,Online,2,44.55,89.1,46.19,42.91
2024-12-06,Electronics,West,Online,3,219.89,659.67,465.18,194.49
2024-12-06,Toys,East,Online,20,305.76,6115.2,4251.83,1863.37
2024-12-06,Books,South,Online,18,99.36,1788.48,1138.96,649.52
2024-12-07,Books,South,Online,22,316.45,6961.9,4256.35,2705.55
2024-12-07,Clothing,North,Online,15,242.16,3632.4,1989.07,1643.33
2024-12-07,Home,East,Online,14,37.95,531.3,278.7,252.6
2024-12-08,Beauty,West,Online,2,209.75,419.5,271.92,147.58
2024-12-08,Books,East,Wholesale,20,185.2,3704.0,1955.45,1748.55
2024-12-08,Toys,South,Online,5,288.1,1440.5,725.01,715.49
2024-12-08,Toys,South,Wholesale,20,124.74,2494.8,1224.49,1270.31
2024-12-09,Beauty,West,Online,5,287.12,1435.6,797.11,638.49
2024-12-11,Toys,East,Store,8,319.39,2555.12,1524.77,1030.35
2024-12-12,Toys,North,Online,22,332.46,7314.12,3835.35,3478.77
2024-12-12,Toys,South,Wholesale,5,124.1,620.5,391.63,228.87
2024-12-14,Beauty,South,Online,8,228.61,1828.88,1211.3,617.58
2024-12-14,Home,West,Store,16,131.92,2110.72,1058.6,1052.12
2024-12-15,Home,West,Online,16,225.93,3614.88,1805.93,1808.95
2024-12-15,Electronics,West,Store,9,285.99,2573.91,1330.31,1243.6
2024-12-16,Clothing,East,Store,18,41.02,738.36,416.83,321.53
2024-12-16,Beauty,South,Online,1,227.4,227.4,164.99,62.41
2024-12-17,Electronics,South,Online,12,96.92,1163.04,724.23,438.81
2024-12-17,Home,South,Online,5,307.45,1537.25,762.42,774.83
2024-12-19,Toys,South,Online,21,156.72,3291.12,2301.66,989.46
2024-12-19,Home,North,Store,20,150.97,3019.4,1816.92,1202.48
2024-12-19,Beauty,East,Store,10,146.05,1460.5,893.17,567.33
2024-12-20,Home,East,Store,15,137.01,2055.15,1156.63,898.52
2024-12-20,Electronics,North,Online,14,183.72,2572.08,1305.29,1266.79
2024-12-21,Home,West,Online,18,55.63,1001.34,641.16,360.18
2024-12-21,Home,East,Store,18,294.06,5293.08,3456.46,1836.62
2024-12-21,Beauty,North,Wholesale,8,230.06,1840.48,1314.75,525.73
2024-12-22,Home,West,Online,1,152.36,152.36,84.89,67.47
2024-12-22,Home,South,Store,24,320.21,7685.04,4198.14,3486.9
2024-12-22,Books,East,Online,2,334.52,669.04,468.26,200.78
2024-12-22,Clothing,East,Store,15,130.54,1958.1,1241.32,716.78
2024-12-23,Electronics,North,Online,20,247.84,4956.8,2917.63,2039.17
2024-12-23,Clothing,West,Online,8,285.0,2280.0,1414.89,865.11
2024-12-23,Books,West,Online,18,342.86,6171.48,4166.07,2005.41
2024-12-24,Beauty,East,Store,4,41.72,166.88,117.92,48.96
2024-12-24,Beauty,North,Online,6,319.21,1915.26,1006.12,909.14
2024-12-24,Beauty,North,Online,17,339.01,5763.17,3291.17,2472.0
2024-12-25,Beauty,North,Online,6,76.34,458.04,256.07,201.97
2024-12-25,Electronics,South,Store,17,21.95,373.15,255.18,117.97
2024-12-27,Home,North,Store,17,228.17,3878.89,2438.18,1440.71
2024-12-27,Books,North,Online,7,338.04,2366.28,1582.91,783.37
2024-12-28,Beauty,East,Store,20,251.7,5034.0,3389.47,1644.53
2024-12-29,Books,North,Online,2,325.53,651.06,359.81,291.25
2024-12-30,Electronics,West,Store,20,66.85,1337.0,812.54,524.46
2024-12-30,Electronics,South,Online,1,296.84,296.84,180.6,116.24
2024-12-31,Books,West,Online,8,233.99,1871.92,1099.84,772.08
2024-12-31,Clothing,North,Online,18,299.38,5388.84,2586.72,2802.12
2024-12-31,Clothing,North,Store,15,191.54,2873.1,1306.12,1566.98
2025-01-01,Beauty,West,Online,4,157.58,630.32,394.48,235.84
2025-01-01,Toys,West,Online,15,237.23,3558.45,2142.24,1416.21
2025-01-01,Home,East,Online,23,139.06,3198.38,2115.19,1083.19
2025-01-02,Beauty,South,Wholesale,10,80.09,800.9,560.3,240.6
2025-01-02,Beauty,South,Online,22,13.46,296.12,215.99,80.13
2025-01-02,Beauty,West,Online,2,344.9,689.8,384.78,305.02
2025-01-02,Books,North,Store,23,40.1,922.3,638.26,284.04
2025-01-03,Home,West,Online,14,267.12,3739.68,2707.43,1032.25
2025-01-05,Home,South,Online,8,219.43,1755.44,1075.89,679.55
2025-01-05,Beauty,North,Store,7,327.35,2291.45,1070.7,1220.75
2025-01-05,Toys,North,Store,10,127.52,1275.2,635.86,639.34
2025-01-05,Electronics,West,Store,7,100.7,704.9,493.01,211.89
2025-01-06,Toys,East,Online,14,237.59,3326.26,2389.59,936.67
2025-01-06,Electronics,South,Wholesale,5,173.15,865.75,548.29,317.46
2025-01-06,Electronics,South,Online,7,190.88,1336.16,990.93,345.23
2025-01-06,Toys,West,Store,6,304.18,1825.08,1118.03,707.05
2025-01-07,Books,South,Online,10,332.45,3324.5,2209.52,1114.98
2025-01-07,Clothing,South,Wholesale,11,286.51,3151.61,1490.3,1661.31
2025-01-07,Clothing,North,Online,3,32.28,96.84,44.61,52.23
2025-01-08,Electronics,North,Online,7,210.01,1470.07,921.76,548.31
2025-01-09,Beauty,North,Online,10,184.25,1842.5,1089.51,752.99
2025-01-09,Beauty,West,Wholesale,21,344.09,7225.89,3400.34,3825.55
2025-01-09,Toys,South,Online,11,226.54,2491.94,1819.15,672.79
2025-01-09,Toys,South,Online,12,197.89,2374.68,1392.8,981.88
2025-01-09,Clothing,South,Online,5,50.57,252.85,124.58,128.27
2025-01-10,Clothing,North,Wholesale,13,17.34,225.42,162.44,62.98
2025-01-10,Toys,South,Store,13,348.61,4531.93,2942.69,1589.24
2025-01-11,Clothing,East,Online,19,131.31,2494.89,1573.76,921.13
2025-01-13,Beauty,North,Online,9,337.86,3040.74,1476.64,1564.1
2025-01-13,Beauty,North,Online,21,112.51,2362.71,1729.24,633.47
2025-01-13,Books,West,Online,17,90.19,1533.23,1030.69,502.54
2025-01-13,Electronics,West,Store,14,23.55,329.7,188.58,141.12
2025-01-13,Electronics,East,Wholesale,15,137.02,2055.3,1539.64,515.66
2025-01-14,Books,North,Online,19,142.66,2710.54,1430.75,1279.79
2025-01-15,Electronics,West,Store,20,102.43,2048.6,1509.42,539.18
2025-01-15,Beauty,West,Online,18,311.63,5609.34,3731.97,1877.37
2025-01-16,Home,South,Online,21,120.18,2523.78,1683.97,839.81
2025-01-17,Books,South,Online,23,189.28,4353.44,3146.04,1207.4
2025-01-17,Books,South,Store,3,170.22,510.66,381.26,129.4
2025-01-17,Home,South,Online,19,324.13,6158.47,3780.49,2377.98
2025-01-17,Home,North,Online,16,279.42,4470.72,3046.42,1424.3
2025-01-18,Toys,North,Online,15,113.75,1706.25,1071.98,634.27
2025-01-18,Books,South,Store,23,317.51,7302.73,3609.4,3693.33
2025-01-18,Books,East,Online,24,68.13,1635.12,1022.25,612.87
2025-01-19,Toys,West,Wholesale,17,310.08,5271.36,3032.69,2238.67
2025-01-19,Home,East,Online,13,263.98,3431.74,2126.54,1305.2
2025-01-20,Books,East,Store,16,74.75,1196.0,778.88,417.12
2025-01-21,Toys,East,Store,22,203.2,4470.4,2138.09,2332.31
2025-01-23,Home,South,Online,16,150.08,2401.28,1131.37,1269.91
2025-01-23,Clothing,East,Online,18,301.43,5425.74,3799.89,1625.85
2025-01-24,Books,South,Online,1,302.08,302.08,157.01,145.07
2025-01-24,Toys,East,Online,21,292.52,6142.92,3581.52,2561.4
2025-01-24,Books,West,Wholesale,18,56.59,1018.62,751.02,267.6
2025-01-25,Beauty,West,Online,23,61.95,1424.85,990.32,434.53
2025-01-25,Beauty,West,Online,17,295.42,5022.14,2991.99,2030.15
2025-01-26,Books,South,Online,13,157.69,2049.97,1035.27,1014.7
2025-01-27,Electronics,North,Store,7,312.71,2188.97,1462.77,726.2
2025-01-28,Clothing,East,Online,5,252.3,1261.5,865.97,395.53
2025-01-28,Beauty,West,Online,15,143.57,2153.55,1412.42,741.13
2025-01-28,Home,East,Online,3,316.26,948.78,622.28,326.5
2025-01-28,Home,East,Online,4,44.02,176.08,101.92,74.16
2025-01-28,Clothing,North,Online,3,266.35,799.05,568.29,230.76
2025-01-29,Electronics,North,Online,2,228.27,456.54,283.36,173.18
2025-01-29,Books,North,Store,4,28.85,115.4,80.6,34.8
2025-01-30,Home,East,Online,19,220.57,4190.83,2336.37,1854.46
2025-01-30,Beauty,South,Online,11,39.15,430.65,287.18,143.47
2025-01-31,Beauty,East,Wholesale,18,238.84,4299.12,2910.62,1388.5
2025-01-31,Home,North,Online,6,250.12,1500.72,761.98,738.74
2025-01-31,Clothing,South,Online,18,101.12,1820.16,1213.74,606.42
2025-02-01,Books,South,Store,23,152.78,3513.94,1908.06,1605.88
2025-02-01,Clothing,South,Store,10,207.96,2079.6,1512.36,567.24
2025-02-02,Books,South,Store,8,195.12,1560.96,908.61,652.35
2025-02-02,Clothing,South,Store,8,92.4,739.2,433.22,305.98
2025-02-02,Electronics,South,Online,19,146.93,2791.67,1848.06,943.61
2025-02-03,Toys,South,Wholesale,5,195.37,976.85,453.67,523.18
2025-02-03,Books,West,Online,7,180.83,1265.81,819.88,445.93
2025-02-03,Books,East,Online,3,106.89,320.67,157.27,163.4
2025-02-04,Books,North,Online,5,183.2,916.0,472.92,443.08
2025-02-05,Electronics,North,Online,17,275.05,4675.85,3209.06,1466.79
2025-02-05,Clothing,West,Store,14,146.33,2048.62,1067.58,981.04
2025-02-06,Books,South,Online,6,80.99,485.94,310.04,175.9
2025-02-08,Books,South,Online,12,347.3,4167.6,3036.7,1130.9
2025-02-09,Electronics,East,Wholesale,17,117.75,2001.75,1179.16,822.59
2025-02-09,Beauty,North,Online,18,108.25,1948.5,1241.12,707.38
2025-02-09,Home,North,Online,6,315.25,1891.5,1169.82,721.68
2025-02-09,Electronics,West,Store,13,275.38,3579.94,2038.67,1541.27
2025-02-10,Toys,South,Store,4,99.83,399.32,252.69,146.63
2025-02-11,Toys,South,Store,11,84.36,927.96,682.44,245.52
2025-02-12,Beauty,West,Wholesale,3,212.49,637.47,376.24,261.23
2025-02-12,Electronics,West,Online,2,143.51,287.02,196.61,90.41
2025-02-13,Toys,West,Wholesale,19,306.65,5826.35,3389.05,2437.3
2025-02-14,Beauty,East,Online,4,229.54,918.16,591.68,326.48
2025-02-14,Toys,South,Store,17,75.2,1278.4,920.95,357.45
2025-02-14,Books,East,Online,14,197.58,2766.12,1960.93,805.19
2025-02-14,Toys,North,Online,23,306.31,7045.13,5045.51,1999.62
2025-02-15,Books,South,Wholesale,3,58.89,176.67,114.84,61.83
2025-02-15,Beauty,West,Online,11,182.4,2006.4,1064.96,941.44
2025-02-15,Beauty,East,Wholesale,14,30.61,428.54,202.42,226.12
2025-02-16,Toys,West,Online,21,349.85,7346.85,3899.7,3447.15
2025-02-16,Toys,West,Wholesale,24,249.71,5993.04,3647.89,2345.15
2025-02-17,Beauty,East,Online,7,71.65,501.55,335.91,165.64
2025-02-17,Toys,South,Online,14,110.33,1544.62,810.46,734.16
2025-02-18,Electronics,East,Online,19,266.1,5055.9,2741.05,2314.85
2025-02-19,Books,North,Online,10,312.1,3121.0,1732.8,1388.2
2025-02-19,Home,North,Wholesale,21,296.4,6224.4,3595.23,2629.17
2025-02-19,Home,West,Wholesale,15,299.64,4494.6,2047.0,2447.6
2025-02-19,Electronics,East,Store,22,339.07,7459.54,3605.11,3854.43
2025-02-20,Beauty,South,Online,19,97.35,1849.65,850.65,999.0
2025-02-20,Clothing,West,Online,3,150.11,450.33,322.09,128.24
2025-02-21,Clothing,West,Store,3,171.75,515.25,262.63,252.62
2025-02-23,Electronics,East,Online,18,13.12,236.16,110.88,125.28
2025-02-23,Books,South,Online,21,160.74,3375.54,1575.94,1799.6
2025-02-23,Books,West,Online,24,189.3,4543.2,2266.38,2276.82
2025-02-23,Clothing,East,Online,4,283.64,1134.56,785.45,349.11
2025-02-23,Beauty,East,Wholesale,20,40.29,805.8,373.11,432.69
2025-02-23,Toys,West,Store,20,41.25,825.0,431.61,393.39
2025-02-24,Home,West,Online,4,70.75,283.0,194.46,88.54
2025-02-24,Books,South,Store,3,212.65,637.95,466.07,171.88
2025-02-24,Home,South,Online,7,184.85,1293.95,656.69,637.26
2025-02-24,Books,West,Online,19,264.05,5016.95,3617.79,1399.16
2025-02-25,Electronics,West,Online,5,19.55,97.75,72.46,25.29
2025-02-25,Clothing,East,Online,24,226.69,5440.56,2976.29,2464.27
2025-02-26,Home,South,Online,13,250.94,3262.22,1872.78,1389.44
2025-02-26,Clothing,North,Wholesale,21,272.75,5727.75,3903.73,1824.02
2025-02-26,Home,North,Wholesale,13,322.34,4190.42,1996.96,2193.46
2025-02-27,Beauty,North,Store,16,283.61,4537.76,2076.0,2461.76
2025-02-27,Books,North,Wholesale,13,139.31,1811.03,1326.83,484.2
2025-02-28,Beauty,North,Store,2,29.64,59.28,30.58,28.7
2025-02-28,Toys,East,Wholesale,5,151.11,755.55,547.04,208.51
2025-03-01,Books,East,Online,20,345.06,6901.2,5114.35,1786.85
2025-03-01,Clothing,East,Store,23,212.56,4888.88,3359.23,1529.65
2025-03-01,Electronics,North,Online,2,55.7,111.4,79.41,31.99
2025-03-02,Books,East,Online,16,153.85,2461.6,1152.55,1309.05
2025-03-03,Home,South,Online,9,137.63,1238.67,676.17,562.5
2025-03-04,Toys,East,Online,5,51.36,256.8,189.15,67.65
2025-03-04,Beauty,South,Online,8,69.28,554.24,408.82,145.42
2025-03-04,Electronics,East,Online,10,251.54,2515.4,1700.0,815.4
2025-03-05,Home,East,Store,23,90.26,2075.98,1202.5,873.48
2025-03-06,Books,East,Online,22,130.06,2861.32,1425.22,1436.1
2025-03-06,Clothing,West,Store,5,325.52,1627.6,1200.56,427.04
2025-03-06,Electronics,North,Wholesale,2,205.17,410.34,188.54,221.8
2025-03-06,Toys,East,Online,15,341.6,5124.0,2379.27,2744.73
2025-03-06,Home,West,Store,4,263.07,1052.28,540.74,511.54
2025-03-06,Toys,North,Store,13,136.78,1778.14,975.44,802.7
2025-03-07,Beauty,West,Store,16,268.49,4295.84,2208.44,2087.4
2025-03-07,Books,South,Online,1,327.02,327.02,169.53,157.49
2025-03-08,Books,South,Store,12,236.21,2834.52,1634.21,1200.31
2025-03-08,Beauty,South,Online,24,217.58,5221.92,2395.25,2826.67
2025-03-09,Beauty,South,Online,12,187.57,2250.84,1395.93,854.91
2025-03-09,Books,North,Online,7,277.57,1942.99,874.94,1068.05
2025-03-09,Toys,North,Online,6,323.65,1941.9,1010.14,931.76
2025-03-09,Books,East,Wholesale,2,148.93,297.86,152.03,145.83
2025-03-11,Clothing,South,Online,17,172.91,2939.47,1854.87,1084.6
2025-03-11,Home,North,Online,5,166.43,832.15,568.72,263.43
2025-03-11,Home,West,Online,11,185.63,2041.93,1015.5,1026.43
2025-03-11,Books,North,Online,5,143.74,718.7,374.32,344.38
2025-03-11,Clothing,East,Online,23,320.63,7374.49,4245.41,3129.08
2025-03-12,Beauty,South,Store,16,81.06,1296.96,933.42,363.54
2025-03-12,Toys,North,Online,2,156.6,313.2,223.91,89.29
2025-03-12,Books,North,Wholesale,23,36.06,829.38,568.54,260.84
2025-03-13,Clothing,South,Online,19,52.55,998.45,488.27,510.18
2025-03-13,Clothing,West,Online,12,58.87,706.44,385.09,321.35
2025-03-13,Electronics,South,Store,22,344.06,7569.32,4608.11,2961.21
2025-03-14,Books,East,Wholesale,18,198.1,3565.8,2546.14,1019.66
2025-03-14,Books,West,Store,16,280.58,4489.28,3356.62,1132.66
2025-03-14,Books,West,Store,5,48.89,244.45,135.18,109.27
2025-03-14,Beauty,South,Online,3,284.41,853.23,628.02,225.21
2025-03-16,Home,South,Store,21,340.14,7142.94,4308.08,2834.86
2025-03-16,Home,North,Online,21,8.83,185.43,109.47,75.96
2025-03-17,Beauty,North,Online,20,23.49,469.8,340.67,129.13
2025-03-17,Electronics,West,Online,16,114.31,1828.96,1240.54,588.42
2025-03-18,Home,South,Online,21,228.32,4794.72,2315.39,2479.33
2025-03-19,Clothing,North,Store,23,75.13,1727.99,793.87,934.12
2025-03-20,Toys,North,Online,4,112.9,451.6,329.81,121.79
2025-03-21,Electronics,West,Online,24,246.33,5911.92,3458.99,2452.93
2025-03-21,Beauty,West,Online,15,100.15,1502.25,767.34,734.91
2025-03-21,Electronics,East,Online,13,152.84,1986.92,1325.25,661.67
2025-03-22,Toys,East,Store,6,281.25,1687.5,1089.18,598.32
2025-03-23,Home,South,Online,19,54.85,1042.15,478.4,563.75
2025-03-23,Toys,South,Wholesale,15,294.46,4416.9,2292.48,2124.42
2025-03-23,Home,South,Online,20,318.09,6361.8,3787.59,2574.21
2025-03-23,Toys,North,Online,10,100.55,1005.5,717.64,287.86
2025-03-23,Electronics,East,Online,19,129.81,2466.39,1628.38,838.01
2025-03-25,Books,North,Online,19,48.98,930.62,676.18,254.44
2025-03-25,Beauty,North,Online,16,39.32,629.12,470.26,158.86
2025-03-25,Books,West,Store,6,191.56,1149.36,618.8,530.56
2025-03-27,Toys,West,Wholesale,21,304.09,6385.89,4283.68,2102.21
2025-03-28,Clothing,North,Online,24,106.82,2563.68,1179.59,1384.09
2025-03-28,Home,East,Online,9,18.24,164.16,114.7,49.46
2025-03-31,Toys,North,Online,7,141.22,988.54,646.81,341.73
2025-03-31,Electronics,North,Store,19,171.46,3257.74,1479.41,1778.33
2025-04-01,Home,West,Online,9,298.3,2684.7,1768.11,916.59
2025-04-01,Electronics,East,Online,9,45.97,413.73,210.54,203.19
2025-04-02,Toys,West,Online,22,324.88,7147.36,5125.43,2021.93
2025-04-02,Books,West,Online,18,24.37,438.66,258.95,179.71
2025-04-03,Home,West,Store,16,286.27,4580.32,3208.54,1371.78
2025-04-03,Toys,South,Online,7,75.7,529.9,243.15,286.75
2025-04-04,Home,West,Online,16,193.96,3103.36,2134.36,969.0
2025-04-04,Home,West,Store,5,264.27,1321.35,887.38,433.97
2025-04-05,Books,North,Store,13,63.34,823.42,431.97,391.45
2025-04-05,Home,West,Online,14,260.35,3644.9,2716.44,928.46
2025-04-05,Beauty,North,Store,4,11.36,45.44,33.86,11.58
2025-04-05,Books,East,Online,21,279.69,5873.49,4103.48,1770.01
2025-04-07,Home,South,Online,19,16.31,309.89,221.66,88.23
2025-04-07,Books,East,Wholesale,19,335.12,6367.28,4612.49,1754.79
2025-04-08,Home,East,Online,14,177.97,2491.58,1253.46,1238.12
2025-04-08,Clothing,West,Online,24,332.93,7990.32,4258.46,3731.86
2025-04-08,Clothing,South,Online,4,238.57,954.28,605.37,348.91
2025-04-08,Books,North,Online,8,88.9,711.2,426.29,284.91
2025-04-08,Toys,East,Online,8,320.54,2564.32,1618.99,945.33
2025-04-09,Toys,East,Online,1,243.32,243.32,123.67,119.65
2025-04-10,Beauty,East,Online,24,75.51,1812.24,1234.53,577.71
2025-04-10,Books,South,Online,15,197.81,2967.15,1391.4,1575.75
2025-04-11,Toys,West,Online,17,150.66,2561.22,1282.84,1278.38
2025-04-11,Electronics,North,Online,8,177.03,1416.24,954.09,462.15
2025-04-12,Clothing,North,Online,24,271.89,6525.36,4599.56,1925.8
2025-04-12,Books,West,Online,14,40.2,562.8,415.24,147.56
2025-04-13,Electronics,South,Online,20,209.71,4194.2,2127.73,2066.47
2025-04-13,Electronics,East,Online,4,236.52,946.08,666.43,279.65
2025-04-14,Toys,South,Online,17,320.57,5449.69,3255.54,2194.15
2025-04-14,Books,South,Online,1,307.29,307.29,198.03,109.26
2025-04-14,Clothing,East,Online,1,201.64,201.64,104.79,96.85
2025-04-15,Beauty,East,Online,2,303.11,606.22,380.33,225.89
2025-04-15,Toys,East,Online,20,77.68,1553.6,844.92,708.68
2025-04-16,Electronics,South,Store,24,178.48,4283.52,2971.36,1312.16
2025-04-17,Clothing,South,Online,16,38.15,610.4,448.7,161.7
2025-04-17,Toys,West,Store,21,22.79,478.59,247.19,231.4
2025-04-17,Beauty,West,Store,14,236.23,3307.22,1744.34,1562.88
2025-04-17,Books,North,Store,18,219.62,3953.16,1924.4,2028.76
2025-04-18,Beauty,South,Online,11,195.61,2151.71,1284.96,866.75
2025-04-18,Clothing,East,Online,17,159.2,2706.4,1440.3,1266.1
2025-04-18,Toys,East,Store,24,34.99,839.76,495.94,343.82
2025-04-19,Beauty,East,Store,22,142.48,3134.56,2289.23,845.33
2025-04-19,Home,South,Online,13,288.24,3747.12,2381.76,1365.36
2025-04-20,Toys,East,Online,10,348.12,3481.2,2554.98,926.22
2025-04-20,Beauty,South,Online,21,84.25,1769.25,1325.28,443.97
2025-04-21,Toys,East,Online,23,19.11,439.53,319.55,119.98
2025-04-22,Books,West,Store,21,169.72,3564.12,2073.11,1491.01
2025-04-22,Clothing,North,Online,7,198.1,1386.7,1024.64,362.06
2025-04-22,Books,East,Online,8,185.17,1481.36,919.04,562.32
2025-04-22,Toys,West,Online,21,85.38,1792.98,1265.28,527.7
2025-04-22,Books,North,Online,19,273.13,5189.47,3318.48,1870.99
2025-04-22,Clothing,North,Online,3,45.75,137.25,100.08,37.17
2025-04-24,Clothing,South,Store,3,107.62,322.86,206.16,116.7
2025-04-25,Beauty,East,Store,5,319.3,1596.5,1059.95,536.55
2025-04-25,Books,North,Online,4,40.83,163.32,77.83,85.49
2025-04-26,Books,South,Store,13,78.4,1019.2,732.64,286.56
2025-04-27,Toys,West,Store,10,32.58,325.8,236.55,89.25
2025-04-27,Toys,West,Store,20,100.17,2003.4,1273.0,730.4
2025-04-28,Home,East,Store,13,71.71,932.23,634.49,297.74
2025-04-28,Home,North,Online,21,180.23,3784.83,2048.82,1736.01
2025-04-28,Beauty,South,Store,22,332.8,7321.6,3992.69,3328.91
2025-04-28,Clothing,East,Online,16,144.06,2304.96,1506.72,798.24
2025-04-29,Books,East,Online,24,345.92,8302.08,5481.62,2820.46
2025-04-30,Toys,South,Online,13,336.18,4370.34,2841.65,1528.69
2025-04-30,Beauty,East,Wholesale,3,331.37,994.11,669.54,324.57
2025-04-30,Books,North,Store,13,343.14,4460.82,2559.95,1900.87
2025-04-30,Beauty,North,Wholesale,1,232.19,232.19,131.7,100.49
2025-05-01,Home,East,Store,16,151.96,2431.36,1508.7,922.66
2025-05-01,Clothing,North,Store,3,146.68,440.04,227.05,212.99
2025-05-01,Books,East,Store,8,126.18,1009.44,727.8,281.64
2025-05-01,Home,North,Online,16,332.55,5320.8,3783.48,1537.32
2025-05-01,Home,South,Online,7,152.36,1066.52,613.27,453.25
2025-05-03,Beauty,South,Store,21,314.16,6597.36,3646.42,2950.94
2025-05-03,Beauty,South,Online,14,188.45,2638.3,1756.41,881.89
2025-05-05,Beauty,North,Wholesale,20,248.51,4970.2,2506.74,2463.46
2025-05-05,Home,West,Wholesale,10,292.62,2926.2,1470.03,1456.17
2025-05-06,Books,North,Store,15,204.24,3063.6,1624.16,1439.44
2025-05-07,Beauty,North,Online,15,69.01,1035.15,489.1,546.05
2025-05-07,Electronics,South,Store,20,94.09,1881.8,870.1,1011.7
2025-05-09,Books,North,Store,5,150.41,752.05,560.18,191.87
2025-05-09,Clothing,East,Online,5,124.62,623.1,291.97,331.13
2025-05-09,Beauty,South,Online,5,166.44,832.2,593.89,238.31
2025-05-10,Toys,West,Online,13,23.34,303.42,208.58,94.84
2025-05-11,Home,East,Online,17,41.53,706.01,332.68,373.33
2025-05-11,Electronics,North,Store,8,30.59,244.72,113.03,131.69
2025-05-11,Beauty,South,Online,12,314.64,3775.68,2392.58,1383.1
2025-05-11,Electronics,East,Online,14,61.18,856.52,526.48,330.04
2025-05-11,Books,West,Online,11,179.65,1976.15,897.61,1078.54
2025-05-12,Toys,North,Store,14,106.65,1493.1,1031.48,461.62
2025-05-13,Home,South,Online,15,313.55,4703.25,2924.2,1779.05
2025-05-15,Toys,East,Online,14,308.35,4316.9,2057.56,2259.34
2025-05-16,Beauty,North,Online,17,128.3,2181.1,1346.22,834.88
2025-05-16,Books,South,Store,12,231.46,2777.52,1453.13,1324.39
2025-05-17,Clothing,South,Online,24,184.96,4439.04,3150.52,1288.52
2025-05-17,Toys,South,Online,21,265.25,5570.25,2963.73,2606.52
2025-05-17,Toys,North,Online,13,317.63,4129.19,2354.63,1774.56
2025-05-18,Toys,East,Online,18,340.18,6123.24,4528.73,1594.51
2025-05-18,Home,North,Online,6,334.64,2007.84,1208.14,799.7
2025-05-18,Home,South,Online,21,228.5,4798.5,2957.15,1841.35
2025-05-19,Electronics,North,Store,10,309.76,3097.6,2026.98,1070.62
2025-05-19,Clothing,South,Online,16,151.66,2426.56,1487.69,938.87
2025-05-19,Electronics,East,Online,4,64.2,256.8,161.38,95.42
2025-05-19,Books,North,Online,1,291.37,291.37,196.76,94.61
2025-05-21,Clothing,West,Online,16,37.61,601.76,326.85,274.91
2025-05-22,Home,East,Store,19,116.38,2211.22,1353.15,858.07
2025-05-22,Home,South,Store,21,70.13,1472.73,701.81,770.92
2025-05-22,Toys,South,Store,23,336.33,7735.59,4333.88,3401.71
2025-05-23,Home,South,Store,22,243.17,5349.74,3029.45,2320.29
2025-05-23,Home,North,Store,8,109.98,879.84,468.06,411.78
2025-05-23,Beauty,South,Online,11,109.64,1206.04,796.14,409.9
2025-05-24,Electronics,West,Online,24,344.71,8273.04,4250.31,4022.73
2025-05-24,Beauty,West,Online,18,167.79,3020.22,2113.35,906.87
2025-05-25,Toys,West,Wholesale,19,88.5,1681.5,1044.95,636.55
2025-05-25,Electronics,South,Online,18,294.9,5308.2,2768.45,2539.75
2025-05-26,Toys,West,Wholesale,22,65.01,1430.22,701.04,729.18
2025-05-26,Electronics,East,Online,5,74.36,371.8,239.05,132.75
2025-05-26,Home,North,Online,1,114.89,114.89,83.7,31.19
2025-05-27,Books,North,Online,16,167.66,2682.56,1707.81,974.75
2025-05-28,Home,North,Online,14,70.07,980.98,576.93,404.05
2025-05-28,Home,West,Wholesale,9,323.16,2908.44,1739.78,1168.66
2025-05-28,Books,West,Store,22,182.46,4014.12,2476.18,1537.94
2025-05-30,Toys,West,Online,3,338.16,1014.48,492.05,522.43
2025-05-30,Clothing,North,Online,4,103.61,414.44,277.94,136.5
2025-05-30,Electronics,South,Online,22,244.27,5373.94,2825.74,2548.2
2025-05-30,Beauty,East,Online,21,74.29,1560.09,733.98,826.11
2025-05-31,Clothing,East,Store,1,149.75,149.75,77.36,72.39
2025-05-31,Electronics,West,Online,6,239.07,1434.42,651.65,782.77
2025-05-31,Clothing,West,Online,13,33.38,433.94,205.28,228.66
2025-06-01,Home,South,Online,19,315.8,6000.2,3649.25,2350.95
2025-06-01,Books,West,Store,2,98.87,197.74,100.05,97.69
2025-06-01,Home,South,Online,24,76.79,1842.96,1015.01,827.95
2025-06-02,Clothing,North,Online,21,309.53,6500.13,4632.08,1868.05
2025-06-02,Toys,East,Store,16,296.48,4743.68,2302.55,2441.13
2025-06-03,Clothing,East,Online,5,109.06,545.3,329.64,215.66
2025-06-04,Toys,West,Store,20,87.76,1755.2,905.87,849.33
2025-06-05,Electronics,West,Store,17,111.99,1903.83,917.87,985.96
2025-06-05,Beauty,South,Online,9,241.06,2169.54,1578.74,590.8
2025-06-05,Home,West,Online,1,153.93,153.93,105.8,48.13
2025-06-05,Home,North,Online,13,62.87,817.31,455.14,362.17
2025-06-05,Beauty,West,Online,17,109.69,1864.73,1255.46,609.27
2025-06-06,Toys,South,Wholesale,24,339.9,8157.6,4538.23,3619.37
2025-06-07,Electronics,West,Store,3,9.92,29.76,20.71,9.05
2025-06-08,Home,North,Online,14,121.82,1705.48,1008.33,697.15
2025-06-08,Books,West,Online,19,349.2,6634.8,3657.07,2977.73
2025-06-09,Electronics,East,Online,19,120.9,2297.1,1478.35,818.75
2025-06-09,Beauty,East,Online,1,256.07,256.07,126.54,129.53
2025-06-10,Electronics,East,Online,5,256.58,1282.9,670.98,611.92
2025-06-10,Electronics,North,Online,19,149.15,2833.85,1860.48,973.37
2025-06-10,Home,East,Online,14,111.25,1557.5,961.84,595.66
2025-06-11,Clothing,South,Online,6,84.14,504.84,355.06,149.78
2025-06-11,Home,East,Store,15,276.7,4150.5,1890.9,2259.6
2025-06-12,Home,South,Store,5,251.26,1256.3,582.57,673.73
2025-06-14,Electronics,North,Wholesale,17,89.26,1517.42,772.72,744.7
2025-06-14,Beauty,East,Store,11,44.73,492.03,328.57,163.46
2025-06-14,Toys,North,Store,21,184.77,3880.17,2609.91,1270.26
2025-06-16,Beauty,North,Store,4,324.97,1299.88,679.56,620.32
2025-06-16,Clothing,West,Online,15,153.22,2298.3,1231.3,1067.0
2025-06-16,Books,South,Store,24,165.98,3983.52,2070.28,1913.24
2025-06-16,Clothing,North,Online,21,349.32,7335.72,4100.68,3235.04
2025-06-17,Electronics,East,Store,4,149.09,596.36,403.06,193.3
2025-06-18,Clothing,South,Online,6,280.17,1681.02,879.85,801.17
2025-06-18,Books,East,Store,1,25.25,25.25,18.32,6.93
2025-06-18,Books,East,Online,8,253.41,2027.28,966.16,1061.12
2025-06-19,Electronics,West,Store,8,113.59,908.72,594.49,314.23
2025-06-19,Toys,North,Store,24,114.42,2746.08,1410.5,1335.58
2025-06-19,Beauty,North,Wholesale,21,230.16,4833.36,3245.92,1587.44
2025-06-19,Clothing,West,Online,5,124.7,623.5,306.18,317.32
2025-06-19,Books,West,Store,17,312.31,5309.27,3924.73,1384.54
2025-06-20,Beauty,South,Online,17,137.15,2331.55,1387.79,943.76
2025-06-20,Beauty,East,Wholesale,23,283.53,6521.19,3523.35,2997.84
2025-06-21,Beauty,West,Wholesale,13,112.93,1468.09,726.46,741.63
2025-06-22,Beauty,East,Online,20,276.06,5521.2,3268.21,2252.99
2025-06-22,Books,East,Online,6,116.02,696.12,427.71,268.41
2025-06-23,Electronics,East,Online,13,172.73,2245.49,1471.94,773.55
2025-06-23,Beauty,South,Wholesale,16,35.92,574.72,324.97,249.75
2025-06-23,Toys,South,Store,1,119.29,119.29,59.18,60.11
2025-06-24,Clothing,South,Online,4,177.8,711.2,419.86,291.34
2025-06-25,Toys,North,Online,13,279.33,3631.29,1651.02,1980.27
2025-06-25,Toys,South,Wholesale,4,191.35,765.4,396.77,368.63
2025-06-25,Electronics,North,Online,6,121.98,731.88,392.62,339.26
2025-06-26,Home,North,Online,3,82.81,248.43,185.82,62.61
2025-06-27,Clothing,North,Online,5,106.03,530.15,326.98,203.17
2025-06-27,Toys,North,Wholesale,23,124.23,2857.29,1307.52,1549.77
2025-06-28,Electronics,North,Store,5,239.78,1198.9,832.93,365.97
2025-06-28,Toys,West,Online,9,112.06,1008.54,609.56,398.98
2025-06-29,Electronics,East,Store,12,177.53,2130.36,1271.58,858.78
2025-06-29,Beauty,East,Store,20,86.06,1721.2,1134.53,586.67
2025-06-29,Beauty,North,Wholesale,22,116.47,2562.34,1205.26,1357.08
2025-06-29,Electronics,East,Store,12,305.04,3660.48,2586.46,1074.02
2025-07-01,Books,North,Online,16,118.07,1889.12,1325.93,563.19
2025-07-02,Toys,East,Store,18,42.89,772.02,449.22,322.8
2025-07-02,Electronics,North,Online,23,249.53,5739.19,3601.92,2137.27
2025-07-03,Toys,East,Store,9,231.94,2087.46,1379.88,707.58
2025-07-04,Home,South,Store,16,99.47,1591.52,965.47,626.05
2025-07-04,Beauty,North,Online,19,292.55,5558.45,3721.51,1836.94
2025-07-05,Electronics,North,Online,7,151.96,1063.72,773.36,290.36
2025-07-05,Clothing,North,Online,9,191.09,1719.81,887.57,832.24
2025-07-05,Home,East,Online,14,164.95,2309.3,1445.56,863.74
2025-07-06,Electronics,South,Online,22,105.57,2322.54,1463.14,859.4
2025-07-06,Toys,South,Store,21,191.96,4031.16,2083.72,1947.44
2025-07-07,Beauty,West,Online,11,120.57,1326.27,597.36,728.91
2025-07-08,Clothing,South,Store,16,158.12,2529.92,1546.76,983.16
2025-07-08,Books,South,Online,11,157.48,1732.28,1068.43,663.85
2025-07-09,Clothing,West,Online,18,244.62,4403.16,2254.12,2149.04
2025-07-09,Clothing,East,Store,4,115.68,462.72,241.46,221.26
2025-07-11,Clothing,North,Online,7,40.28,281.96,153.83,128.13
2025-07-11,Electronics,North,Online,7,307.5,2152.5,1255.65,896.85
2025-07-11,Clothing,South,Wholesale,24,301.42,7234.08,5255.34,1978.74
2025-07-11,Beauty,South,Online,3,203.45,610.35,443.29,167.06
2025-07-11,Electronics,North,Online,14,244.2,3418.8,2430.89,987.91
2025-07-11,Toys,North,Store,23,89.27,2053.21,1216.43,836.78
2025-07-12,Books,West,Online,13,88.23,1146.99,566.6,580.39
2025-07-13,Books,West,Online,16,123.94,1983.04,1031.94,951.1
2025-07-13,Clothing,East,Store,12,203.12,2437.44,1240.37,1197.07
2025-07-13,Electronics,West,Online,3,311.17,933.51,455.24,478.27
2025-07-13,Clothing,South,Store,9,240.92,2168.28,1383.75,784.53
2025-07-13,Home,North,Online,17,34.07,579.19,293.99,285.2
2025-07-13,Home,North,Online,10,137.6,1376.0,843.34,532.66
2025-07-14,Clothing,East,Store,14,315.97,4423.58,2866.91,1556.67
2025-07-15,Clothing,East,Online,8,212.64,1701.12,1211.12,490.0
2025-07-16,Clothing,North,Store,7,21.93,153.51,94.82,58.69
2025-07-16,Clothing,South,Store,8,190.77,1526.16,803.35,722.81
2025-07-17,Books,East,Wholesale,21,260.48,5470.08,3770.4,1699.68
2025-07-17,Home,North,Online,11,322.18,3543.98,2253.97,1290.01
2025-07-17,Beauty,North,Store,18,174.92,3148.56,1970.34,1178.22
2025-07-18,Beauty,West,Online,24,154.92,3718.08,2382.01,1336.07
2025-07-19,Beauty,South,Online,1,287.3,287.3,137.94,149.36
2025-07-19,Beauty,North,Store,17,292.42,4971.14,3438.75,1532.39
2025-07-19,Books,West,Store,8,150.79,1206.32,808.47,397.85
2025-07-20,Clothing,East,Online,10,174.69,1746.9,1137.38,609.52
2025-07-21,Electronics,West,Store,22,50.38,1108.36,695.08,413.28
2025-07-21,Beauty,East,Wholesale,11,335.74,3693.14,1696.78,1996.36
2025-07-21,Clothing,South,Online,3,280.27,840.81,432.73,408.08
2025-07-21,Toys,South,Store,15,187.07,2806.05,2068.98,737.07
2025-07-21,Electronics,East,Online,8,102.75,822.0,514.57,307.43
2025-07-22,Clothing,South,Store,4,33.28,133.12,95.8,37.32
2025-07-22,Books,North,Online,11,44.69,491.59,327.58,164.01
2025-07-22,Books,North,Store,10,163.1,1631.0,770.23,860.77
2025-07-22,Toys,West,Online,4,124.91,499.64,233.55,266.09
2025-07-22,Clothing,West,Online,20,223.49,4469.8,3347.11,1122.69
2025-07-23,Books,North,Online,4,131.67,526.68,343.81,182.87
2025-07-25,Beauty,East,Online,24,41.16,987.84,717.32,270.52
2025-07-25,Beauty,North,Online,21,229.12,4811.52,3328.71,1482.81
2025-07-26,Electronics,East,Online,21,18.16,381.36,185.58,195.78
2025-07-27,Books,East,Store,18,19.37,348.66,230.16,118.5
2025-07-27,Books,South,Online,20,173.26,3465.2,1866.21,1598.99
2025-07-27,Beauty,North,Online,23,164.53,3784.19,2414.35,1369.84
2025-07-28,Toys,West,Store,23,330.2,7594.6,4257.4,3337.2
2025-07-28,Beauty,East,Wholesale,12,90.56,1086.72,526.5,560.22
2025-07-28,Home,North,Store,10,85.3,853.0,571.52,281.48
2025-07-28,Books,West,Online,17,88.32,1501.44,994.07,507.37
2025-07-30,Books,North,Store,7,288.01,2016.07,1416.78,599.29
2025-07-31,Beauty,East,Store,10,109.0,1090.0,532.76,557.24
2025-07-31,Clothing,North,Online,22,160.95,3540.9,1905.05,1635.85
2025-07-31,Toys,East,Store,6,241.72,1450.32,886.99,563.33
2025-08-02,Clothing,West,Online,23,9.15,210.45,108.03,102.42
2025-08-03,Books,West,Online,18,65.6,1180.8,744.99,435.81
2025-08-03,Toys,North,Online,2,189.8,379.6,243.32,136.28
2025-08-03,Electronics,South,Store,22,291.96,6423.12,4418.17,2004.95
2025-08-05,Toys,West,Wholesale,19,156.45,2972.55,2072.69,899.86
2025-08-05,Clothing,North,Wholesale,18,241.02,4338.36,3006.1,1332.26
2025-08-05,Home,East,Online,16,231.33,3701.28,2253.12,1448.16
2025-08-06,Home,West,Store,20,44.15,883.0,642.63,240.37
2025-08-06,Home,North,Store,23,280.96,6462.08,3355.45,3106.63
2025-08-06,Books,South,Online,9,105.99,953.91,472.21,481.7
2025-08-07,Toys,North,Online,10,200.62,2006.2,1324.34,681.86
2025-08-07,Home,South,Online,1,301.12,301.12,208.81,92.31
2025-08-07,Clothing,North,Online,11,247.7,2724.7,1253.81,1470.89
2025-08-07,Home,North,Online,17,231.75,3939.75,1845.36,2094.39
2025-08-07,Electronics,North,Online,23,63.38,1457.74,1037.32,420.42
2025-08-08,Home,West,Online,2,107.64,215.28,106.0,109.28
2025-08-08,Clothing,West,Online,23,182.79,4204.17,2331.01,1873.16
2025-08-09,Toys,West,Online,16,12.99,207.84,112.58,95.26
2025-08-10,Toys,South,Online,17,64.82,1101.94,733.4,368.54
2025-08-10,Books,North,Online,11,334.94,3684.34,2696.3,988.04
2025-08-12,Electronics,East,Online,22,247.27,5439.94,3109.88,2330.06
2025-08-13,Beauty,South,Store,7,339.61,2377.27,1711.11,666.16
2025-08-13,Home,East,Online,10,248.29,2482.9,1216.49,1266.41
2025-08-14,Books,North,Store,19,88.67,1684.73,866.74,817.99
2025-08-15,Home,East,Store,18,94.53,1701.54,1249.22,452.32
2025-08-17,Toys,North,Online,7,54.43,381.01,265.9,115.11
2025-08-17,Electronics,North,Online,19,90.86,1726.34,1250.87,475.47
2025-08-17,Beauty,South,Online,12,286.28,3435.36,2494.68,940.68
2025-08-18,Beauty,South,Wholesale,5,192.82,964.1,699.08,265.02
2025-08-18,Clothing,South,Store,20,194.5,3890.0,1901.88,1988.12
2025-08-18,Clothing,South,Online,19,269.16,5114.04,3482.34,1631.7
2025-08-18,Toys,West,Store,1,54.55,54.55,32.1,22.45
2025-08-18,Home,North,Online,4,126.1,504.4,349.84,154.56
2025-08-18,Home,West,Store,6,181.24,1087.44,680.23,407.21
2025-08-19,Electronics,West,Online,5,21.23,106.15,73.63,32.52
2025-08-19,Books,East,Online,12,286.72,3440.64,2255.43,1185.21
2025-08-19,Books,South,Online,4,96.76,387.04,229.05,157.99
2025-08-20,Toys,North,Store,23,287.84,6620.32,3413.44,3206.88
2025-08-21,Beauty,South,Online,15,121.19,1817.85,1297.97,519.88
2025-08-21,Clothing,South,Online,1,131.67,131.67,65.61,66.06
2025-08-24,Beauty,North,Wholesale,8,197.84,1582.72,1109.12,473.6
2025-08-24,Home,North,Store,16,155.19,2483.04,1163.49,1319.55
2025-08-25,Beauty,North,Online,1,330.32,330.32,201.49,128.83
2025-08-26,Clothing,North,Store,10,141.98,1419.8,765.45,654.35
2025-08-27,Books,North,Online,8,348.14,2785.12,1327.52,1457.6
2025-08-27,Toys,West,Online,9,339.89,3059.01,2020.77,1038.24
2025-08-27,Home,North,Online,15,71.91,1078.65,622.3,456.35
2025-08-28,Books,East,Online,23,185.3,4261.9,2100.63,2161.27
2025-08-28,Electronics,West,Online,24,296.64,7119.36,4598.97,2520.39
2025-08-28,Home,East,Wholesale,1,201.67,201.67,113.37,88.3
2025-08-29,Beauty,West,Online,23,313.41,7208.43,5261.99,1946.44
2025-08-29,Beauty,East,Store,19,94.08,1787.52,986.13,801.39
2025-08-29,Clothing,East,Online,21,95.75,2010.75,1038.92,971.83
2025-08-30,Beauty,South,Online,24,120.12,2882.88,1846.29,1036.59
2025-08-31,Toys,North,Wholesale,2,275.3,550.6,263.75,286.85
2025-09-01,Home,East,Online,7,256.2,1793.4,825.1,968.3
2025-09-01,Home,South,Store,23,182.77,4203.71,2273.97,1929.74
2025-09-02,Clothing,East,Wholesale,11,14.34,157.74,82.89,74.85
2025-09-02,Books,North,Store,14,340.33,4764.62,2144.34,2620.28
2025-09-02,Books,North,Online,5,96.29,481.45,300.64,180.81
2025-09-02,Electronics,North,Online,19,289.92,5508.48,3576.64,1931.84
2025-09-04,Electronics,West,Online,22,175.98,3871.56,2064.68,1806.88
2025-09-04,Beauty,North,Store,17,93.77,1594.09,962.76,631.33
2025-09-05,Beauty,North,Store,1,312.3,312.3,182.12,130.18
2025-09-06,Books,South,Store,1,320.69,320.69,169.34,151.35
2025-09-06,Books,South,Online,11,154.13,1695.43,1232.65,462.78
2025-09-06,Beauty,West,Online,18,276.05,4968.9,2820.66,2148.24
2025-09-07,Beauty,North,Online,17,13.2,224.4,111.93,112.47
2025-09-08,Electronics,South,Store,23,293.55,6751.65,4229.91,2521.74
2025-09-09,Clothing,South,Online,15,16.84,252.6,169.69,82.91
2025-09-09,Home,West,Online,14,17.62,246.68,183.49,63.19
2025-09-09,Home,South,Online,17,341.98,5813.66,3871.14,1942.52
2025-09-10,Books,East,Store,14,263.85,3693.9,2440.47,1253.43
2025-09-10,Books,East,Online,17,173.3,2946.1,1460.92,1485.18
2025-09-10,Beauty,West,Online,19,241.85,4595.15,3152.85,1442.3
2025-09-11,Toys,West,Online,22,57.25,1259.5,657.95,601.55
2025-09-12,Beauty,East,Store,21,326.26,6851.46,4971.37,1880.09
2025-09-12,Toys,East,Store,4,160.83,643.32,380.28,263.04
2025-09-12,Clothing,North,Online,5,72.18,360.9,221.59,139.31
2025-09-13,Home,West,Online,1,332.68,332.68,177.89,154.79
2025-09-13,Beauty,East,Online,14,72.53,1015.42,682.85,332.57
2025-09-13,Toys,South,Online,24,196.39,4713.36,2415.76,2297.6
2025-09-14,Toys,North,Online,6,239.13,1434.78,690.78,744.0
2025-09-14,Toys,North,Wholesale,8,168.6,1348.8,836.1,512.7
2025-09-14,Home,West,Online,8,67.89,543.12,340.71,202.41
2025-09-15,Clothing,South,Wholesale,7,203.57,1424.99,692.94,732.05
2025-09-16,Electronics,North,Online,24,182.83,4387.92,3195.66,1192.26
2025-09-16,Books,South,Store,7,181.16,1268.12,884.27,383.85
2025-09-17,Books,North,Wholesale,9,334.13,3007.17,2111.31,895.86
2025-09-17,Electronics,East,Online,23,98.05,2255.15,1226.51,1028.64
2025-09-18,Electronics,North,Online,20,110.55,2211.0,1299.08,911.92
2025-09-18,Electronics,North,Store,1,264.28,264.28,122.98,141.3
2025-09-19,Toys,South,Online,10,90.34,903.4,480.86,422.54
2025-09-19,Toys,East,Online,1,261.46,261.46,168.03,93.43
2025-09-19,Clothing,West,Online,8,250.43,2003.44,1345.61,657.83
2025-09-20,Home,North,Online,11,244.6,2690.6,1401.38,1289.22
2025-09-20,Toys,South,Online,21,194.01,4074.21,2084.15,1990.06
2025-09-20,Books,West,Online,7,53.93,377.51,218.34,159.17
2025-09-20,Clothing,West,Online,21,267.34,5614.14,4154.63,1459.51
2025-09-21,Home,West,Online,12,284.72,3416.64,2004.38,1412.26
2025-09-22,Electronics,East,Online,10,236.49,2364.9,1302.12,1062.78
2025-09-22,Home,North,Online,6,298.95,1793.7,1098.62,695.08
2025-09-22,Toys,West,Store,20,333.34,6666.8,3102.46,3564.34
2025-09-22,Home,West,Store,24,342.7,8224.8,5153.39,3071.41
2025-09-24,Beauty,East,Online,3,107.91,323.73,193.76,129.97
2025-09-25,Beauty,North,Store,21,274.56,5765.76,3427.36,2338.4
2025-09-25,Home,East,Store,4,10.59,42.36,22.53,19.83
2025-09-25,Home,West,Online,2,218.76,437.52,304.34,133.18
2025-09-25,Electronics,West,Online,9,161.08,1449.72,909.82,539.9
2025-09-26,Electronics,South,Online,4,207.66,830.64,621.09,209.55
2025-09-26,Toys,West,Wholesale,12,167.07,2004.84,1123.05,881.79
2025-09-26,Beauty,East,Online,1,268.76,268.76,157.14,111.62
2025-09-26,Clothing,East,Online,24,149.41,3585.84,1962.92,1622.92
2025-09-26,Beauty,North,Online,17,124.28,2112.76,1274.69,838.07
2025-09-27,Home,West,Online,2,165.43,330.86,199.86,131.0
2025-09-27,Home,South,Online,4,259.65,1038.6,645.9,392.7
2025-09-28,Books,West,Store,15,274.36,4115.4,2779.95,1335.45
2025-09-28,Books,East,Wholesale,24,181.87,4364.88,2051.53,2313.35
2025-09-29,Books,West,Store,1,266.92,266.92,164.04,102.88
2025-09-29,Home,East,Wholesale,15,144.08,2161.2,1549.18,612.02
2025-09-29,Books,West,Online,17,330.1,5611.7,4179.33,1432.37
2025-09-30,Toys,East,Online,8,103.79,830.32,500.31,330.01
2025-10-01,Books,East,Online,5,250.33,1251.65,621.16,630.49
2025-10-01,Beauty,North,Online,5,338.63,1693.15,835.6,857.55
2025-10-02,Electronics,North,Store,11,344.14,3785.54,1763.87,2021.67
2025-10-02,Home,North,Wholesale,21,220.78,4636.38,2946.82,1689.56
2025-10-02,Home,South,Online,21,115.66,2428.86,1466.1,962.76
2025-10-03,Toys,West,Store,4,227.95,911.8,467.51,444.29
2025-10-03,Electronics,West,Store,13,44.41,577.33,297.98,279.35
2025-10-04,Clothing,South,Online,16,163.26,2612.16,1557.8,1054.36
2025-10-04,Electronics,South,Online,10,221.38,2213.8,1022.95,1190.85
2025-10-05,Beauty,North,Online,4,171.63,686.52,493.75,192.77
2025-10-05,Beauty,East,Online,11,255.63,2811.93,1622.37,1189.56
2025-10-06,Clothing,West,Store,16,54.37,869.92,437.21,432.71
2025-10-06,Books,South,Store,20,130.86,2617.2,1772.03,845.17
2025-10-06,Electronics,East,Wholesale,13,256.78,3338.14,1603.47,1734.67
2025-10-06,Toys,East,Online,17,130.32,2215.44,1161.81,1053.63
2025-10-08,Electronics,South,Online,19,192.07,3649.33,2318.38,1330.95
2025-10-09,Toys,West,Online,18,106.21,1911.78,944.24,967.54
2025-10-10,Clothing,East,Online,19,88.66,1684.54,1060.65,623.89
2025-10-10,Books,East,Wholesale,11,263.27,2895.97,1836.58,1059.39
2025-10-10,Home,West,Store,21,152.36,3199.56,1840.53,1359.03
2025-10-10,Beauty,South,Online,5,239.53,1197.65,739.8,457.85
2025-10-13,Home,North,Online,8,204.2,1633.6,926.61,706.99
2025-10-13,Clothing,West,Online,14,116.13,1625.82,1115.64,510.18
2025-10-13,Home,West,Store,12,37.78,453.36,282.33,171.03
2025-10-13,Books,North,Store,8,340.78,2726.24,1520.14,1206.1
2025-10-14,Books,East,Online,13,47.03,611.39,425.73,185.66
2025-10-14,Clothing,East,Store,3,42.29,126.87,65.52,61.35
2025-10-14,Beauty,East,Store,16,279.24,4467.84,3158.01,1309.83
2025-10-15,Clothing,East,Store,23,306.12,7040.76,5117.07,1923.69
2025-10-15,Home,East,Store,18,149.29,2687.22,1919.95,767.27
2025-10-16,Clothing,South,Online,21,156.5,3286.5,1793.1,1493.4
2025-10-17,Toys,South,Online,17,106.18,1805.06,1254.46,550.6
2025-10-17,Beauty,East,Wholesale,22,125.73,2766.06,1864.09,901.97
2025-10-18,Books,South,Wholesale,12,92.0,1104.0,742.94,361.06
2025-10-18,Books,South,Store,1,42.6,42.6,28.91,13.69
2025-10-19,Books,West,Online,5,307.37,1536.85,799.6,737.25
2025-10-20,Toys,North,Online,2,82.7,165.4,74.94,90.46
2025-10-20,Beauty,West,Online,23,235.0,5405.0,3640.01,1764.99
2025-10-21,Toys,West,Online,1,44.45,44.45,22.84,21.61
2025-10-21,Home,North,Online,16,49.23,787.68,498.87,288.81
2025-10-21,Home,East,Store,20,219.01,4380.2,2431.55,1948.65
2025-10-22,Clothing,East,Online,1,311.9,311.9,149.91,161.99
2025-10-22,Clothing,North,Online,8,263.48,2107.84,1392.06,715.78
2025-10-22,Electronics,West,Online,9,263.91,2375.19,1540.97,834.22
2025-10-23,Books,South,Online,9,214.12,1927.08,940.36,986.72
2025-10-23,Electronics,East,Online,21,179.71,3773.91,2119.14,1654.77
2025-10-23,Books,East,Store,3,79.33,237.99,115.09,122.9
2025-10-23,Toys,East,Online,3,187.21,561.63,275.06,286.57
2025-10-23,Home,South,Online,5,252.3,1261.5,771.33,490.17
2025-10-24,Electronics,West,Online,2,344.11,688.22,354.47,333.75
2025-10-24,Beauty,West,Online,21,242.51,5092.71,2410.77,2681.94
2025-10-24,Clothing,North,Online,10,342.26,3422.6,1831.09,1591.51
2025-10-25,Books,East,Store,14,307.62,4306.68,2996.72,1309.96
2025-10-26,Beauty,South,Online,22,86.8,1909.6,936.52,973.08
2025-10-26,Beauty,South,Online,22,85.5,1881.0,1043.33,837.67
2025-10-27,Toys,East,Online,14,201.81,2825.34,1553.22,1272.12
2025-10-27,Electronics,North,Online,22,195.33,4297.26,2167.01,2130.25
2025-10-28,Beauty,West,Online,17,12.68,215.56,122.16,93.4
2025-10-28,Books,South,Store,12,219.54,2634.48,1729.98,904.5
2025-10-29,Home,North,Online,21,143.66,3016.86,1573.33,1443.53
2025-10-29,Books,East,Online,3,107.6,322.8,182.49,140.31
2025-10-29,Books,East,Online,5,311.32,1556.6,843.56,713.04
2025-10-29,Electronics,South,Wholesale,9,331.58,2984.22,1660.79,1323.43
2025-10-29,Home,East,Wholesale,11,117.49,1292.39,751.9,540.49
2025-10-29,Electronics,East,Store,15,308.76,4631.4,3344.12,1287.28
2025-10-30,Clothing,North,Online,8,130.63,1045.04,532.64,512.4
2025-10-31,Home,North,Store,21,53.41,1121.61,823.46,298.15
2025-10-31,Toys,North,Wholesale,15,82.79,1241.85,750.51,491.34
2025-10-31,Beauty,West,Online,2,30.31,60.62,35.2,25.42
2025-11-01,Books,East,Online,9,51.23,461.07,242.91,218.16
2025-11-02,Toys,East,Online,1,9.2,9.2,5.73,3.47
2025-11-02,Toys,East,Wholesale,13,325.1,4226.3,3081.87,1144.43
2025-11-03,Books,South,Wholesale,14,63.55,889.7,544.52,345.18
2025-11-03,Home,East,Online,13,140.43,1825.59,848.56,977.03
2025-11-03,Beauty,South,Online,11,60.21,662.31,318.36,343.95
2025-11-04,Beauty,North,Online,24,10.38,249.12,121.33,127.79
2025-11-04,Toys,South,Wholesale,19,305.97,5813.43,3884.56,1928.87
2025-11-04,Electronics,South,Online,22,259.5,5709.0,4214.99,1494.01
2025-11-05,Toys,West,Online,1,126.08,126.08,64.31,61.77
2025-11-05,Home,South,Online,6,205.62,1233.72,630.14,603.58
2025-11-05,Toys,West,Online,5,137.96,689.8,400.4,289.4
2025-11-06,Beauty,North,Store,14,39.86,558.04,390.97,167.07
2025-11-06,Beauty,East,Online,6,344.42,2066.52,1448.21,618.31
2025-11-06,Beauty,North,Online,19,38.44,730.36,330.14,400.22
2025-11-07,Beauty,East,Online,3,42.52,127.56,79.09,48.47
2025-11-08,Books,West,Online,3,134.75,404.25,223.82,180.43
2025-11-08,Home,East,Wholesale,10,288.43,2884.3,1408.54,1475.76
2025-11-09,Electronics,West,Wholesale,21,190.97,4010.37,2098.79,1911.58
2025-11-09,Home,West,Store,16,111.57,1785.12,1111.88,673.24
2025-11-09,Books,North,Store,18,292.98,5273.64,3746.66,1526.98
2025-11-11,Electronics,North,Online,14,133.39,1867.46,1076.09,791.37
2025-11-11,Home,South,Online,14,274.78,3846.92,2731.57,1115.35
2025-11-12,Home,South,Online,9,272.26,2450.34,1680.5,769.84
2025-11-12,Toys,North,Store,18,340.01,6120.18,3957.44,2162.74
2025-11-12,Electronics,East,Wholesale,20,125.9,2518.0,1544.46,973.54
2025-11-12,Toys,East,Online,9,169.99,1529.91,752.04,777.87
2025-11-12,Home,North,Online,24,87.65,2103.6,1509.59,594.01
2025-11-12,Electronics,East,Store,11,12.72,139.92,101.64,38.28
2025-11-12,Beauty,West,Online,3,202.64,607.92,401.14,206.78
2025-11-14,Clothing,South,Store,10,222.22,2222.2,1279.45,942.75
2025-11-14,Clothing,North,Online,4,116.55,466.2,265.58,200.62
2025-11-15,Books,West,Online,10,256.93,2569.3,1675.39,893.91
2025-11-16,Beauty,South,Online,4,217.86,871.44,543.72,327.72
2025-11-18,Beauty,North,Online,15,9.01,135.15,65.0,70.15
2025-11-19,Electronics,South,Online,7,32.1,224.7,147.66,77.04
2025-11-19,Toys,South,Online,4,198.43,793.72,438.73,354.99
2025-11-20,Clothing,South,Online,9,36.56,329.04,246.31,82.73
2025-11-20,Beauty,North,Online,16,274.38,4390.08,3155.33,1234.75
2025-11-20,Clothing,North,Wholesale,6,75.92,455.52,311.85,143.67
2025-11-21,Home,South,Online,2,90.09,180.18,128.79,51.39
2025-11-21,Home,North,Online,24,111.03,2664.72,1284.45,1380.27
2025-11-21,Clothing,South,Wholesale,11,121.95,1341.45,632.65,708.8
2025-11-22,Beauty,South,Online,21,247.8,5203.8,2485.3,2718.5
2025-11-22,Beauty,West,Wholesale,16,182.31,2916.96,1522.54,1394.42
2025-11-22,Books,East,Online,23,198.55,4566.65,2123.3,2443.35
2025-11-22,Electronics,East,Online,15,286.63,4299.45,2686.15,1613.3
2025-11-22,Toys,West,Store,14,192.87,2700.18,1764.74,935.44
2025-11-23,Electronics,South,Store,2,173.98,347.96,217.87,130.09
2025-11-23,Toys,West,Online,9,141.8,1276.2,582.86,693.34
2025-11-24,Home,North,Store,19,294.29,5591.51,2625.79,2965.72
2025-11-24,Electronics,North,Online,5,241.81,1209.05,644.43,564.62
2025-11-24,Clothing,North,Online,20,346.24,6924.8,4933.26,1991.54
2025-11-25,Toys,South,Store,16,14.17,226.72,121.27,105.45
2025-11-25,Electronics,North,Online,11,133.39,1467.29,998.59,468.7
2025-11-25,Home,South,Online,21,194.98,4094.58,1879.82,2214.76
2025-11-26,Books,South,Store,7,171.08,1197.56,854.01,343.55
2025-11-27,Beauty,North,Wholesale,24,74.21,1781.04,934.99,846.05
2025-11-29,Clothing,West,Online,17,322.73,5486.41,2822.1,2664.31
2025-12-01,Beauty,South,Online,1,327.72,327.72,172.01,155.71
2025-12-03,Home,North,Online,15,77.15,1157.25,558.18,599.07
2025-12-03,Electronics,North,Online,2,30.59,61.18,42.87,18.31
2025-12-03,Clothing,West,Online,11,285.67,3142.37,1904.55,1237.82
2025-12-04,Toys,West,Online,17,75.11,1276.87,896.33,380.54
2025-12-04,Electronics,West,Online,12,23.56,282.72,162.67,120.05
2025-12-05,Beauty,East,Wholesale,2,10.37,20.74,10.28,10.46
2025-12-05,Electronics,West,Online,23,51.3,1179.9,671.99,507.91
2025-12-06,Clothing,West,Online,7,165.14,1155.98,791.84,364.14
2025-12-06,Clothing,West,Online,14,343.77,4812.78,3016.35,1796.43
2025-12-06,Toys,North,Online,21,285.86,6003.06,3417.96,2585.1
2025-12-06,Beauty,South,Online,16,127.04,2032.64,1296.61,736.03
2025-12-06,Home,North,Wholesale,18,119.21,2145.78,1536.8,608.98
2025-12-07,Books,North,Wholesale,21,114.24,2399.04,1696.99,702.05
2025-12-07,Toys,West,Store,13,193.28,2512.64,1797.88,714.76
2025-12-08,Electronics,South,Online,10,282.09,2820.9,1730.17,1090.73
2025-12-08,Books,North,Online,24,50.63,1215.12,726.33,488.79
2025-12-09,Beauty,West,Online,24,242.99,5831.76,2750.19,3081.57
2025-12-09,Books,East,Store,17,12.93,219.81,109.21,110.6
2025-12-09,Clothing,East,Store,12,234.01,2808.12,1547.34,1260.78
2025-12-10,Beauty,South,Online,13,18.72,243.36,123.92,119.44
2025-12-10,Electronics,East,Online,11,43.72,480.92,228.91,252.01
2025-12-10,Books,South,Wholesale,23,36.84,847.32,535.94,311.38
2025-12-11,Home,North,Wholesale,18,159.74,2875.32,2103.78,771.54
2025-12-11,Electronics,South,Store,15,97.51,1462.65,1058.41,404.24
2025-12-12,Clothing,North,Online,2,72.1,144.2,88.21,55.99
2025-12-12,Clothing,North,Online,10,162.24,1622.4,781.22,841.18
2025-12-13,Toys,South,Store,22,272.2,5988.4,4015.64,1972.76
2025-12-13,Books,East,Store,21,15.62,328.02,162.1,165.92
2025-12-14,Toys,North,Store,13,347.97,4523.61,2056.66,2466.95
2025-12-14,Clothing,North,Online,16,338.72,5419.52,2843.38,2576.14
2025-12-14,Toys,East,Online,23,157.23,3616.29,2195.88,1420.41
2025-12-14,Books,South,Online,6,344.24,2065.44,1043.2,1022.24
2025-12-15,Home,North,Store,21,252.69,5306.49,2898.41,2408.08
2025-12-16,Home,West,Online,15,161.24,2418.6,1500.14,918.46
2025-12-16,Beauty,East,Online,8,216.79,1734.32,784.58,949.74
2025-12-16,Toys,South,Online,21,215.23,4519.83,2906.38,1613.45
2025-12-16,Clothing,South,Online,11,298.54,3283.94,2183.36,1100.58
2025-12-16,Home,East,Online,9,262.65,2363.85,1550.82,813.03
2025-12-17,Books,South,Online,15,243.47,3652.05,1678.12,1973.93
2025-12-18,Clothing,East,Online,2,179.34,358.68,168.53,190.15
2025-12-20,Books,North,Store,16,42.7,683.2,369.64,313.56
2025-12-20,Electronics,North,Online,15,318.13,4771.95,3109.71,1662.24
2025-12-20,Electronics,North,Store,12,220.0,2640.0,1347.19,1292.81
